timestamp,plant_id,plant_type,cluster_id,CMF,power_curve_fraction,temperature,nwp_spread,capacity_mw,lat_sin,lat_cos,lon_sin,lon_cos,tilt_angle_deg,hub_height_m,hour_sin,hour_cos,doy_sin,doy_cos,season,actual_generation_mw,event_id,hour_in_event
2023-02-15 00:00:00+05:30,PVG_S1,solar,C1_Pavagada,0.0,0.0,30.0,0.0,150.0,0.25038000405444144,0.9681476403781077,0.9751493543055633,0.22154849761946724,15.0,0.0,0.0,1.0,0.7116566222817746,0.702527474169157,0,0.0,cloud_ramp_1,0
2023-02-15 01:00:00+05:30,PVG_S1,solar,C1_Pavagada,0.0,0.0,30.776457135307563,0.0,150.0,0.25038000405444144,0.9681476403781077,0.9751493543055633,0.22154849761946724,15.0,0.0,0.25881904510252074,0.9659258262890683,0.7116566222817746,0.702527474169157,0,0.0,cloud_ramp_1,1
2023-02-15 02:00:00+05:30,PVG_S1,solar,C1_Pavagada,0.0,0.0,31.5,0.0,150.0,0.25038000405444144,0.9681476403781077,0.9751493543055633,0.22154849761946724,15.0,0.0,0.49999999999999994,0.8660254037844387,0.7116566222817746,0.702527474169157,0,0.0,cloud_ramp_1,2
2023-02-15 03:00:00+05:30,PVG_S1,solar,C1_Pavagada,0.0,0.0,32.121320343559645,0.0,150.0,0.25038000405444144,0.9681476403781077,0.9751493543055633,0.22154849761946724,15.0,0.0,0.7071067811865475,0.7071067811865476,0.7116566222817746,0.702527474169157,0,0.0,cloud_ramp_1,3
2023-02-15 04:00:00+05:30,PVG_S1,solar,C1_Pavagada,0.0,0.0,32.598076211353316,0.0,150.0,0.25038000405444144,0.9681476403781077,0.9751493543055633,0.22154849761946724,15.0,0.0,0.8660254037844386,0.5000000000000001,0.7116566222817746,0.702527474169157,0,0.0,cloud_ramp_1,4
2023-02-15 05:00:00+05:30,PVG_S1,solar,C1_Pavagada,0.0,0.0,32.897777478867205,0.0,150.0,0.25038000405444144,0.9681476403781077,0.9751493543055633,0.22154849761946724,15.0,0.0,0.9659258262890683,0.25881904510252074,0.7116566222817746,0.702527474169157,0,0.0,cloud_ramp_1,5
2023-02-15 06:00:00+05:30,PVG_S1,solar,C1_Pavagada,0.0,0.0,33.0,0.0,150.0,0.25038000405444144,0.9681476403781077,0.9751493543055633,0.22154849761946724,15.0,0.0,1.0,6.123233995736766e-17,0.7116566222817746,0.702527474169157,0,0.0,cloud_ramp_1,6
2023-02-15 07:00:00+05:30,PVG_S1,solar,C1_Pavagada,0.9109,0.0,32.897777478867205,11.595,150.0,0.25038000405444144,0.9681476403781077,0.9751493543055633,0.22154849761946724,15.0,0.0,0.9659258262890683,-0.25881904510252063,0.7116566222817746,0.702527474169157,0,17.241,cloud_ramp_1,7
2023-02-15 08:00:00+05:30,PVG_S1,solar,C1_Pavagada,0.9014,0.0,32.598076211353316,18.239,150.0,0.25038000405444144,0.9681476403781077,0.9751493543055633,0.22154849761946724,15.0,0.0,0.8660254037844387,-0.49999999999999983,0.7116566222817746,0.702527474169157,0,37.906,cloud_ramp_1,8
2023-02-15 09:00:00+05:30,PVG_S1,solar,C1_Pavagada,0.8999,0.0,32.121320343559645,38.994,150.0,0.25038000405444144,0.9681476403781077,0.9751493543055633,0.22154849761946724,15.0,0.0,0.7071067811865476,-0.7071067811865475,0.7116566222817746,0.702527474169157,0,55.784,cloud_ramp_1,9
2023-02-15 10:00:00+05:30,PVG_S1,solar,C1_Pavagada,0.55,0.0,31.5,111.309,150.0,0.25038000405444144,0.9681476403781077,0.9751493543055633,0.22154849761946724,15.0,0.0,0.49999999999999994,-0.8660254037844387,0.7116566222817746,0.702527474169157,0,42.562,cloud_ramp_1,10
2023-02-15 11:00:00+05:30,PVG_S1,solar,C1_Pavagada,0.15,0.0,30.776457135307563,152.31,150.0,0.25038000405444144,0.9681476403781077,0.9751493543055633,0.22154849761946724,15.0,0.0,0.258819045102521,-0.9659258262890682,0.7116566222817746,0.702527474169157,0,13.077,cloud_ramp_1,11
2023-02-15 12:00:00+05:30,PVG_S1,solar,C1_Pavagada,0.1744,0.0,30.0,194.54,150.0,0.25038000405444144,0.9681476403781077,0.9751493543055633,0.22154849761946724,15.0,0.0,1.2246467991473532e-16,-1.0,0.7116566222817746,0.702527474169157,0,15.812,cloud_ramp_1,12
2023-02-15 13:00:00+05:30,PVG_S1,solar,C1_Pavagada,0.1526,0.0,29.223542864692437,154.575,150.0,0.25038000405444144,0.9681476403781077,0.9751493543055633,0.22154849761946724,15.0,0.0,-0.2588190451025208,-0.9659258262890683,0.7116566222817746,0.702527474169157,0,13.368,cloud_ramp_1,13
2023-02-15 14:00:00+05:30,PVG_S1,solar,C1_Pavagada,0.1341,0.0,28.5,92.663,150.0,0.25038000405444144,0.9681476403781077,0.9751493543055633,0.22154849761946724,15.0,0.0,-0.4999999999999998,-0.8660254037844388,0.7116566222817746,0.702527474169157,0,10.473,cloud_ramp_1,14
2023-02-15 15:00:00+05:30,PVG_S1,solar,C1_Pavagada,0.45,0.0,27.878679656440358,92.629,150.0,0.25038000405444144,0.9681476403781077,0.9751493543055633,0.22154849761946724,15.0,0.0,-0.7071067811865471,-0.7071067811865479,0.7116566222817746,0.702527474169157,0,28.258,cloud_ramp_1,15
2023-02-15 16:00:00+05:30,PVG_S1,solar,C1_Pavagada,0.78,0.0,27.401923788646684,45.239,150.0,0.25038000405444144,0.9681476403781077,0.9751493543055633,0.22154849761946724,15.0,0.0,-0.8660254037844384,-0.5000000000000004,0.7116566222817746,0.702527474169157,0,33.326,cloud_ramp_1,16
2023-02-15 17:00:00+05:30,PVG_S1,solar,C1_Pavagada,0.8658,0.0,27.102222521132795,11.276,150.0,0.25038000405444144,0.9681476403781077,0.9751493543055633,0.22154849761946724,15.0,0.0,-0.9659258262890683,-0.25881904510252063,0.7116566222817746,0.702527474169157,0,16.681,cloud_ramp_1,17
2023-02-15 18:00:00+05:30,PVG_S1,solar,C1_Pavagada,0.0,0.0,27.0,0.0,150.0,0.25038000405444144,0.9681476403781077,0.9751493543055633,0.22154849761946724,15.0,0.0,-1.0,-1.8369701987210297e-16,0.7116566222817746,0.702527474169157,0,0.0,cloud_ramp_1,18
2023-02-15 19:00:00+05:30,PVG_S1,solar,C1_Pavagada,0.0,0.0,27.102222521132795,0.0,150.0,0.25038000405444144,0.9681476403781077,0.9751493543055633,0.22154849761946724,15.0,0.0,-0.9659258262890684,0.2588190451025203,0.7116566222817746,0.702527474169157,0,0.0,cloud_ramp_1,19
2023-02-15 20:00:00+05:30,PVG_S1,solar,C1_Pavagada,0.0,0.0,27.401923788646684,0.0,150.0,0.25038000405444144,0.9681476403781077,0.9751493543055633,0.22154849761946724,15.0,0.0,-0.8660254037844386,0.5000000000000001,0.7116566222817746,0.702527474169157,0,0.0,cloud_ramp_1,20
2023-02-15 21:00:00+05:30,PVG_S1,solar,C1_Pavagada,0.0,0.0,27.878679656440358,0.0,150.0,0.25038000405444144,0.9681476403781077,0.9751493543055633,0.22154849761946724,15.0,0.0,-0.7071067811865477,0.7071067811865474,0.7116566222817746,0.702527474169157,0,0.0,cloud_ramp_1,21
2023-02-15 22:00:00+05:30,PVG_S1,solar,C1_Pavagada,0.0,0.0,28.5,0.0,150.0,0.25038000405444144,0.9681476403781077,0.9751493543055633,0.22154849761946724,15.0,0.0,-0.5000000000000004,0.8660254037844384,0.7116566222817746,0.702527474169157,0,0.0,cloud_ramp_1,22
2023-02-15 23:00:00+05:30,PVG_S1,solar,C1_Pavagada,0.0,0.0,29.223542864692437,0.0,150.0,0.25038000405444144,0.9681476403781077,0.9751493543055633,0.22154849761946724,15.0,0.0,-0.25881904510252157,0.9659258262890681,0.7116566222817746,0.702527474169157,0,0.0,cloud_ramp_1,23
2023-02-16 00:00:00+05:30,PVG_S1,solar,C1_Pavagada,0.0,0.0,30.0,0.0,150.0,0.25038000405444144,0.9681476403781077,0.9751493543055633,0.22154849761946724,15.0,0.0,0.0,1.0,0.7236440382959124,0.6901733882429719,0,0.0,cloud_ramp_1,24
2023-02-16 01:00:00+05:30,PVG_S1,solar,C1_Pavagada,0.0,0.0,30.776457135307563,0.0,150.0,0.25038000405444144,0.9681476403781077,0.9751493543055633,0.22154849761946724,15.0,0.0,0.25881904510252074,0.9659258262890683,0.7236440382959124,0.6901733882429719,0,0.0,cloud_ramp_1,25
2023-02-16 02:00:00+05:30,PVG_S1,solar,C1_Pavagada,0.0,0.0,31.5,0.0,150.0,0.25038000405444144,0.9681476403781077,0.9751493543055633,0.22154849761946724,15.0,0.0,0.49999999999999994,0.8660254037844387,0.7236440382959124,0.6901733882429719,0,0.0,cloud_ramp_1,26
2023-02-16 03:00:00+05:30,PVG_S1,solar,C1_Pavagada,0.0,0.0,32.121320343559645,0.0,150.0,0.25038000405444144,0.9681476403781077,0.9751493543055633,0.22154849761946724,15.0,0.0,0.7071067811865475,0.7071067811865476,0.7236440382959124,0.6901733882429719,0,0.0,cloud_ramp_1,27
2023-02-16 04:00:00+05:30,PVG_S1,solar,C1_Pavagada,0.0,0.0,32.598076211353316,0.0,150.0,0.25038000405444144,0.9681476403781077,0.9751493543055633,0.22154849761946724,15.0,0.0,0.8660254037844386,0.5000000000000001,0.7236440382959124,0.6901733882429719,0,0.0,cloud_ramp_1,28
2023-02-16 05:00:00+05:30,PVG_S1,solar,C1_Pavagada,0.0,0.0,32.897777478867205,0.0,150.0,0.25038000405444144,0.9681476403781077,0.9751493543055633,0.22154849761946724,15.0,0.0,0.9659258262890683,0.25881904510252074,0.7236440382959124,0.6901733882429719,0,0.0,cloud_ramp_1,29
2023-02-16 06:00:00+05:30,PVG_S1,solar,C1_Pavagada,0.0,0.0,33.0,0.0,150.0,0.25038000405444144,0.9681476403781077,0.9751493543055633,0.22154849761946724,15.0,0.0,1.0,6.123233995736766e-17,0.7236440382959124,0.6901733882429719,0,0.0,cloud_ramp_1,30
2023-02-16 07:00:00+05:30,PVG_S1,solar,C1_Pavagada,0.8664,0.0,32.897777478867205,8.824,150.0,0.25038000405444144,0.9681476403781077,0.9751493543055633,0.22154849761946724,15.0,0.0,0.9659258262890683,-0.25881904510252063,0.7236440382959124,0.6901733882429719,0,16.554,cloud_ramp_1,31
2023-02-16 08:00:00+05:30,PVG_S1,solar,C1_Pavagada,0.8574,0.0,32.598076211353316,22.331,150.0,0.25038000405444144,0.9681476403781077,0.9751493543055633,0.22154849761946724,15.0,0.0,0.8660254037844387,-0.49999999999999983,0.7236440382959124,0.6901733882429719,0,36.238,cloud_ramp_1,32
2023-02-16 09:00:00+05:30,PVG_S1,solar,C1_Pavagada,0.8855,0.0,32.121320343559645,41.836,150.0,0.25038000405444144,0.9681476403781077,0.9751493543055633,0.22154849761946724,15.0,0.0,0.7071067811865476,-0.7071067811865475,0.7236440382959124,0.6901733882429719,0,55.104,cloud_ramp_1,33
2023-02-16 10:00:00+05:30,PVG_S1,solar,C1_Pavagada,0.8948,0.0,31.5,36.956,150.0,0.25038000405444144,0.9681476403781077,0.9751493543055633,0.22154849761946724,15.0,0.0,0.49999999999999994,-0.8660254037844387,0.7236440382959124,0.6901733882429719,0,69.477,cloud_ramp_1,34
2023-02-16 11:00:00+05:30,PVG_S1,solar,C1_Pavagada,0.8812,0.0,30.776457135307563,45.801,150.0,0.25038000405444144,0.9681476403781077,0.9751493543055633,0.22154849761946724,15.0,0.0,0.258819045102521,-0.9659258262890682,0.7236440382959124,0.6901733882429719,0,77.062,cloud_ramp_1,35
2023-02-16 12:00:00+05:30,PVG_S1,solar,C1_Pavagada,0.8974,0.0,30.0,33.636,150.0,0.25038000405444144,0.9681476403781077,0.9751493543055633,0.22154849761946724,15.0,0.0,1.2246467991473532e-16,-1.0,0.7236440382959124,0.6901733882429719,0,81.629,cloud_ramp_1,36
2023-02-16 13:00:00+05:30,PVG_S1,solar,C1_Pavagada,0.9263,0.0,29.223542864692437,59.786,150.0,0.25038000405444144,0.9681476403781077,0.9751493543055633,0.22154849761946724,15.0,0.0,-0.2588190451025208,-0.9659258262890683,0.7236440382959124,0.6901733882429719,0,81.393,cloud_ramp_1,37
2023-02-16 14:00:00+05:30,PVG_S1,solar,C1_Pavagada,0.9169,0.0,28.5,41.326,150.0,0.25038000405444144,0.9681476403781077,0.9751493543055633,0.22154849761946724,15.0,0.0,-0.4999999999999998,-0.8660254037844388,0.7236440382959124,0.6901733882429719,0,71.843,cloud_ramp_1,38
2023-02-16 15:00:00+05:30,PVG_S1,solar,C1_Pavagada,0.8705,0.0,27.878679656440358,42.004,150.0,0.25038000405444144,0.9681476403781077,0.9751493543055633,0.22154849761946724,15.0,0.0,-0.7071067811865471,-0.7071067811865479,0.7236440382959124,0.6901733882429719,0,54.873,cloud_ramp_1,39
2023-02-16 16:00:00+05:30,PVG_S1,solar,C1_Pavagada,0.9174,0.0,27.401923788646684,31.714,150.0,0.25038000405444144,0.9681476403781077,0.9751493543055633,0.22154849761946724,15.0,0.0,-0.8660254037844384,-0.5000000000000004,0.7236440382959124,0.6901733882429719,0,39.394,cloud_ramp_1,40
2023-02-16 17:00:00+05:30,PVG_S1,solar,C1_Pavagada,0.9033,0.0,27.102222521132795,11.949,150.0,0.25038000405444144,0.9681476403781077,0.9751493543055633,0.22154849761946724,15.0,0.0,-0.9659258262890683,-0.25881904510252063,0.7236440382959124,0.6901733882429719,0,17.566,cloud_ramp_1,41
2023-02-16 18:00:00+05:30,PVG_S1,solar,C1_Pavagada,0.0,0.0,27.0,0.0,150.0,0.25038000405444144,0.9681476403781077,0.9751493543055633,0.22154849761946724,15.0,0.0,-1.0,-1.8369701987210297e-16,0.7236440382959124,0.6901733882429719,0,0.0,cloud_ramp_1,42
2023-02-16 19:00:00+05:30,PVG_S1,solar,C1_Pavagada,0.0,0.0,27.102222521132795,0.0,150.0,0.25038000405444144,0.9681476403781077,0.9751493543055633,0.22154849761946724,15.0,0.0,-0.9659258262890684,0.2588190451025203,0.7236440382959124,0.6901733882429719,0,0.0,cloud_ramp_1,43
2023-02-16 20:00:00+05:30,PVG_S1,solar,C1_Pavagada,0.0,0.0,27.401923788646684,0.0,150.0,0.25038000405444144,0.9681476403781077,0.9751493543055633,0.22154849761946724,15.0,0.0,-0.8660254037844386,0.5000000000000001,0.7236440382959124,0.6901733882429719,0,0.0,cloud_ramp_1,44
2023-02-16 21:00:00+05:30,PVG_S1,solar,C1_Pavagada,0.0,0.0,27.878679656440358,0.0,150.0,0.25038000405444144,0.9681476403781077,0.9751493543055633,0.22154849761946724,15.0,0.0,-0.7071067811865477,0.7071067811865474,0.7236440382959124,0.6901733882429719,0,0.0,cloud_ramp_1,45
2023-02-16 22:00:00+05:30,PVG_S1,solar,C1_Pavagada,0.0,0.0,28.5,0.0,150.0,0.25038000405444144,0.9681476403781077,0.9751493543055633,0.22154849761946724,15.0,0.0,-0.5000000000000004,0.8660254037844384,0.7236440382959124,0.6901733882429719,0,0.0,cloud_ramp_1,46
2023-02-16 23:00:00+05:30,PVG_S1,solar,C1_Pavagada,0.0,0.0,29.223542864692437,0.0,150.0,0.25038000405444144,0.9681476403781077,0.9751493543055633,0.22154849761946724,15.0,0.0,-0.25881904510252157,0.9659258262890681,0.7236440382959124,0.6901733882429719,0,0.0,cloud_ramp_1,47
2023-04-20 00:00:00+05:30,PVG_S1,solar,C1_Pavagada,0.0,0.0,30.0,0.0,150.0,0.25038000405444144,0.9681476403781077,0.9751493543055633,0.22154849761946724,15.0,0.0,0.0,1.0,0.9483615800121715,-0.3171912885891061,1,0.0,cloud_ramp_2,0
2023-04-20 01:00:00+05:30,PVG_S1,solar,C1_Pavagada,0.0,0.0,30.776457135307563,0.0,150.0,0.25038000405444144,0.9681476403781077,0.9751493543055633,0.22154849761946724,15.0,0.0,0.25881904510252074,0.9659258262890683,0.9483615800121715,-0.3171912885891061,1,0.0,cloud_ramp_2,1
2023-04-20 02:00:00+05:30,PVG_S1,solar,C1_Pavagada,0.0,0.0,31.5,0.0,150.0,0.25038000405444144,0.9681476403781077,0.9751493543055633,0.22154849761946724,15.0,0.0,0.49999999999999994,0.8660254037844387,0.9483615800121715,-0.3171912885891061,1,0.0,cloud_ramp_2,2
2023-04-20 03:00:00+05:30,PVG_S1,solar,C1_Pavagada,0.0,0.0,32.121320343559645,0.0,150.0,0.25038000405444144,0.9681476403781077,0.9751493543055633,0.22154849761946724,15.0,0.0,0.7071067811865475,0.7071067811865476,0.9483615800121715,-0.3171912885891061,1,0.0,cloud_ramp_2,3
2023-04-20 04:00:00+05:30,PVG_S1,solar,C1_Pavagada,0.0,0.0,32.598076211353316,0.0,150.0,0.25038000405444144,0.9681476403781077,0.9751493543055633,0.22154849761946724,15.0,0.0,0.8660254037844386,0.5000000000000001,0.9483615800121715,-0.3171912885891061,1,0.0,cloud_ramp_2,4
2023-04-20 05:00:00+05:30,PVG_S1,solar,C1_Pavagada,0.0,0.0,32.897777478867205,0.0,150.0,0.25038000405444144,0.9681476403781077,0.9751493543055633,0.22154849761946724,15.0,0.0,0.9659258262890683,0.25881904510252074,0.9483615800121715,-0.3171912885891061,1,0.0,cloud_ramp_2,5
2023-04-20 06:00:00+05:30,PVG_S1,solar,C1_Pavagada,0.896,0.0,33.0,1.548,150.0,0.25038000405444144,0.9681476403781077,0.9751493543055633,0.22154849761946724,15.0,0.0,1.0,6.123233995736766e-17,0.9483615800121715,-0.3171912885891061,1,4.436,cloud_ramp_2,6
2023-04-20 07:00:00+05:30,PVG_S1,solar,C1_Pavagada,0.8836,0.0,32.897777478867205,23.843,150.0,0.25038000405444144,0.9681476403781077,0.9751493543055633,0.22154849761946724,15.0,0.0,0.9659258262890683,-0.25881904510252063,0.9483615800121715,-0.3171912885891061,1,26.441,cloud_ramp_2,7
2023-04-20 08:00:00+05:30,PVG_S1,solar,C1_Pavagada,0.9161,0.0,32.598076211353316,21.014,150.0,0.25038000405444144,0.9681476403781077,0.9751493543055633,0.22154849761946724,15.0,0.0,0.8660254037844387,-0.49999999999999983,0.9483615800121715,-0.3171912885891061,1,48.773,cloud_ramp_2,8
2023-04-20 09:00:00+05:30,PVG_S1,solar,C1_Pavagada,0.8856,0.0,32.121320343559645,50.053,150.0,0.25038000405444144,0.9681476403781077,0.9751493543055633,0.22154849761946724,15.0,0.0,0.7071067811865476,-0.7071067811865475,0.9483615800121715,-0.3171912885891061,1,64.959,cloud_ramp_2,9
2023-04-20 10:00:00+05:30,PVG_S1,solar,C1_Pavagada,0.55,0.0,31.5,143.007,150.0,0.25038000405444144,0.9681476403781077,0.9751493543055633,0.22154849761946724,15.0,0.0,0.49999999999999994,-0.8660254037844387,0.9483615800121715,-0.3171912885891061,1,48.887,cloud_ramp_2,10
2023-04-20 11:00:00+05:30,PVG_S1,solar,C1_Pavagada,0.15,0.0,30.776457135307563,227.599,150.0,0.25038000405444144,0.9681476403781077,0.9751493543055633,0.22154849761946724,15.0,0.0,0.258819045102521,-0.9659258262890682,0.9483615800121715,-0.3171912885891061,1,14.818,cloud_ramp_2,11
2023-04-20 12:00:00+05:30,PVG_S1,solar,C1_Pavagada,0.1093,0.0,30.0,170.754,150.0,0.25038000405444144,0.9681476403781077,0.9751493543055633,0.22154849761946724,15.0,0.0,1.2246467991473532e-16,-1.0,0.9483615800121715,-0.3171912885891061,1,11.19,cloud_ramp_2,12
2023-04-20 13:00:00+05:30,PVG_S1,solar,C1_Pavagada,0.1415,0.0,29.223542864692437,85.903,150.0,0.25038000405444144,0.9681476403781077,0.9751493543055633,0.22154849761946724,15.0,0.0,-0.2588190451025208,-0.9659258262890683,0.9483615800121715,-0.3171912885891061,1,14.047,cloud_ramp_2,13
2023-04-20 14:00:00+05:30,PVG_S1,solar,C1_Pavagada,0.1591,0.0,28.5,178.697,150.0,0.25038000405444144,0.9681476403781077,0.9751493543055633,0.22154849761946724,15.0,0.0,-0.4999999999999998,-0.8660254037844388,0.9483615800121715,-0.3171912885891061,1,14.269,cloud_ramp_2,14
2023-04-20 15:00:00+05:30,PVG_S1,solar,C1_Pavagada,0.45,0.0,27.878679656440358,121.019,150.0,0.25038000405444144,0.9681476403781077,0.9751493543055633,0.22154849761946724,15.0,0.0,-0.7071067811865471,-0.7071067811865479,0.9483615800121715,-0.3171912885891061,1,33.436,cloud_ramp_2,15
2023-04-20 16:00:00+05:30,PVG_S1,solar,C1_Pavagada,0.78,0.0,27.401923788646684,54.23,150.0,0.25038000405444144,0.9681476403781077,0.9751493543055633,0.22154849761946724,15.0,0.0,-0.8660254037844384,-0.5000000000000004,0.9483615800121715,-0.3171912885891061,1,42.19,cloud_ramp_2,16
2023-04-20 17:00:00+05:30,PVG_S1,solar,C1_Pavagada,0.8767,0.0,27.102222521132795,18.367,150.0,0.25038000405444144,0.9681476403781077,0.9751493543055633,0.22154849761946724,15.0,0.0,-0.9659258262890683,-0.25881904510252063,0.9483615800121715,-0.3171912885891061,1,26.7,cloud_ramp_2,17
2023-04-20 18:00:00+05:30,PVG_S1,solar,C1_Pavagada,0.8397,0.0,27.0,3.15,150.0,0.25038000405444144,0.9681476403781077,0.9751493543055633,0.22154849761946724,15.0,0.0,-1.0,-1.8369701987210297e-16,0.9483615800121715,-0.3171912885891061,1,4.234,cloud_ramp_2,18
2023-04-20 19:00:00+05:30,PVG_S1,solar,C1_Pavagada,0.0,0.0,27.102222521132795,0.0,150.0,0.25038000405444144,0.9681476403781077,0.9751493543055633,0.22154849761946724,15.0,0.0,-0.9659258262890684,0.2588190451025203,0.9483615800121715,-0.3171912885891061,1,0.0,cloud_ramp_2,19
2023-04-20 20:00:00+05:30,PVG_S1,solar,C1_Pavagada,0.0,0.0,27.401923788646684,0.0,150.0,0.25038000405444144,0.9681476403781077,0.9751493543055633,0.22154849761946724,15.0,0.0,-0.8660254037844386,0.5000000000000001,0.9483615800121715,-0.3171912885891061,1,0.0,cloud_ramp_2,20
2023-04-20 21:00:00+05:30,PVG_S1,solar,C1_Pavagada,0.0,0.0,27.878679656440358,0.0,150.0,0.25038000405444144,0.9681476403781077,0.9751493543055633,0.22154849761946724,15.0,0.0,-0.7071067811865477,0.7071067811865474,0.9483615800121715,-0.3171912885891061,1,0.0,cloud_ramp_2,21
2023-04-20 22:00:00+05:30,PVG_S1,solar,C1_Pavagada,0.0,0.0,28.5,0.0,150.0,0.25038000405444144,0.9681476403781077,0.9751493543055633,0.22154849761946724,15.0,0.0,-0.5000000000000004,0.8660254037844384,0.9483615800121715,-0.3171912885891061,1,0.0,cloud_ramp_2,22
2023-04-20 23:00:00+05:30,PVG_S1,solar,C1_Pavagada,0.0,0.0,29.223542864692437,0.0,150.0,0.25038000405444144,0.9681476403781077,0.9751493543055633,0.22154849761946724,15.0,0.0,-0.25881904510252157,0.9659258262890681,0.9483615800121715,-0.3171912885891061,1,0.0,cloud_ramp_2,23
2023-04-21 00:00:00+05:30,PVG_S1,solar,C1_Pavagada,0.0,0.0,30.0,0.0,150.0,0.25038000405444144,0.9681476403781077,0.9751493543055633,0.22154849761946724,15.0,0.0,0.0,1.0,0.9427611433904207,-0.3334687789181868,1,0.0,cloud_ramp_2,24
2023-04-21 01:00:00+05:30,PVG_S1,solar,C1_Pavagada,0.0,0.0,30.776457135307563,0.0,150.0,0.25038000405444144,0.9681476403781077,0.9751493543055633,0.22154849761946724,15.0,0.0,0.25881904510252074,0.9659258262890683,0.9427611433904207,-0.3334687789181868,1,0.0,cloud_ramp_2,25
2023-04-21 02:00:00+05:30,PVG_S1,solar,C1_Pavagada,0.0,0.0,31.5,0.0,150.0,0.25038000405444144,0.9681476403781077,0.9751493543055633,0.22154849761946724,15.0,0.0,0.49999999999999994,0.8660254037844387,0.9427611433904207,-0.3334687789181868,1,0.0,cloud_ramp_2,26
2023-04-21 03:00:00+05:30,PVG_S1,solar,C1_Pavagada,0.0,0.0,32.121320343559645,0.0,150.0,0.25038000405444144,0.9681476403781077,0.9751493543055633,0.22154849761946724,15.0,0.0,0.7071067811865475,0.7071067811865476,0.9427611433904207,-0.3334687789181868,1,0.0,cloud_ramp_2,27
2023-04-21 04:00:00+05:30,PVG_S1,solar,C1_Pavagada,0.0,0.0,32.598076211353316,0.0,150.0,0.25038000405444144,0.9681476403781077,0.9751493543055633,0.22154849761946724,15.0,0.0,0.8660254037844386,0.5000000000000001,0.9427611433904207,-0.3334687789181868,1,0.0,cloud_ramp_2,28
2023-04-21 05:00:00+05:30,PVG_S1,solar,C1_Pavagada,0.0,0.0,32.897777478867205,0.0,150.0,0.25038000405444144,0.9681476403781077,0.9751493543055633,0.22154849761946724,15.0,0.0,0.9659258262890683,0.25881904510252074,0.9427611433904207,-0.3334687789181868,1,0.0,cloud_ramp_2,29
2023-04-21 06:00:00+05:30,PVG_S1,solar,C1_Pavagada,0.8774,0.0,33.0,1.251,150.0,0.25038000405444144,0.9681476403781077,0.9751493543055633,0.22154849761946724,15.0,0.0,1.0,6.123233995736766e-17,0.9427611433904207,-0.3334687789181868,1,4.479,cloud_ramp_2,30
2023-04-21 07:00:00+05:30,PVG_S1,solar,C1_Pavagada,0.8982,0.0,32.897777478867205,17.7,150.0,0.25038000405444144,0.9681476403781077,0.9751493543055633,0.22154849761946724,15.0,0.0,0.9659258262890683,-0.25881904510252063,0.9427611433904207,-0.3334687789181868,1,26.987,cloud_ramp_2,31
2023-04-21 08:00:00+05:30,PVG_S1,solar,C1_Pavagada,0.8985,0.0,32.598076211353316,22.349,150.0,0.25038000405444144,0.9681476403781077,0.9751493543055633,0.22154849761946724,15.0,0.0,0.8660254037844387,-0.49999999999999983,0.9427611433904207,-0.3334687789181868,1,47.922,cloud_ramp_2,32
2023-04-21 09:00:00+05:30,PVG_S1,solar,C1_Pavagada,0.8691,0.0,32.121320343559645,26.951,150.0,0.25038000405444144,0.9681476403781077,0.9751493543055633,0.22154849761946724,15.0,0.0,0.7071067811865476,-0.7071067811865475,0.9427611433904207,-0.3334687789181868,1,63.806,cloud_ramp_2,33
2023-04-21 10:00:00+05:30,PVG_S1,solar,C1_Pavagada,0.882,0.0,31.5,54.79,150.0,0.25038000405444144,0.9681476403781077,0.9751493543055633,0.22154849761946724,15.0,0.0,0.49999999999999994,-0.8660254037844387,0.9427611433904207,-0.3334687789181868,1,78.44,cloud_ramp_2,34
2023-04-21 11:00:00+05:30,PVG_S1,solar,C1_Pavagada,0.896,0.0,30.776457135307563,42.575,150.0,0.25038000405444144,0.9681476403781077,0.9751493543055633,0.22154849761946724,15.0,0.0,0.258819045102521,-0.9659258262890682,0.9427611433904207,-0.3334687789181868,1,88.54,cloud_ramp_2,35
2023-04-21 12:00:00+05:30,PVG_S1,solar,C1_Pavagada,0.8906,0.0,30.0,57.966,150.0,0.25038000405444144,0.9681476403781077,0.9751493543055633,0.22154849761946724,15.0,0.0,1.2246467991473532e-16,-1.0,0.9427611433904207,-0.3334687789181868,1,91.169,cloud_ramp_2,36
2023-04-21 13:00:00+05:30,PVG_S1,solar,C1_Pavagada,0.8918,0.0,29.223542864692437,60.51,150.0,0.25038000405444144,0.9681476403781077,0.9751493543055633,0.22154849761946724,15.0,0.0,-0.2588190451025208,-0.9659258262890683,0.9427611433904207,-0.3334687789181868,1,88.544,cloud_ramp_2,37
2023-04-21 14:00:00+05:30,PVG_S1,solar,C1_Pavagada,0.8426,0.0,28.5,38.726,150.0,0.25038000405444144,0.9681476403781077,0.9751493543055633,0.22154849761946724,15.0,0.0,-0.4999999999999998,-0.8660254037844388,0.9427611433904207,-0.3334687789181868,1,75.624,cloud_ramp_2,38
2023-04-21 15:00:00+05:30,PVG_S1,solar,C1_Pavagada,0.8914,0.0,27.878679656440358,37.409,150.0,0.25038000405444144,0.9681476403781077,0.9751493543055633,0.22154849761946724,15.0,0.0,-0.7071067811865471,-0.7071067811865479,0.9427611433904207,-0.3334687789181868,1,66.293,cloud_ramp_2,39
2023-04-21 16:00:00+05:30,PVG_S1,solar,C1_Pavagada,0.8814,0.0,27.401923788646684,25.946,150.0,0.25038000405444144,0.9681476403781077,0.9751493543055633,0.22154849761946724,15.0,0.0,-0.8660254037844384,-0.5000000000000004,0.9427611433904207,-0.3334687789181868,1,47.761,cloud_ramp_2,40
2023-04-21 17:00:00+05:30,PVG_S1,solar,C1_Pavagada,0.9002,0.0,27.102222521132795,22.185,150.0,0.25038000405444144,0.9681476403781077,0.9751493543055633,0.22154849761946724,15.0,0.0,-0.9659258262890683,-0.25881904510252063,0.9427611433904207,-0.3334687789181868,1,27.528,cloud_ramp_2,41
2023-04-21 18:00:00+05:30,PVG_S1,solar,C1_Pavagada,0.8822,0.0,27.0,2.692,150.0,0.25038000405444144,0.9681476403781077,0.9751493543055633,0.22154849761946724,15.0,0.0,-1.0,-1.8369701987210297e-16,0.9427611433904207,-0.3334687789181868,1,4.586,cloud_ramp_2,42
2023-04-21 19:00:00+05:30,PVG_S1,solar,C1_Pavagada,0.0,0.0,27.102222521132795,0.0,150.0,0.25038000405444144,0.9681476403781077,0.9751493543055633,0.22154849761946724,15.0,0.0,-0.9659258262890684,0.2588190451025203,0.9427611433904207,-0.3334687789181868,1,0.0,cloud_ramp_2,43
2023-04-21 20:00:00+05:30,PVG_S1,solar,C1_Pavagada,0.0,0.0,27.401923788646684,0.0,150.0,0.25038000405444144,0.9681476403781077,0.9751493543055633,0.22154849761946724,15.0,0.0,-0.8660254037844386,0.5000000000000001,0.9427611433904207,-0.3334687789181868,1,0.0,cloud_ramp_2,44
2023-04-21 21:00:00+05:30,PVG_S1,solar,C1_Pavagada,0.0,0.0,27.878679656440358,0.0,150.0,0.25038000405444144,0.9681476403781077,0.9751493543055633,0.22154849761946724,15.0,0.0,-0.7071067811865477,0.7071067811865474,0.9427611433904207,-0.3334687789181868,1,0.0,cloud_ramp_2,45
2023-04-21 22:00:00+05:30,PVG_S1,solar,C1_Pavagada,0.0,0.0,28.5,0.0,150.0,0.25038000405444144,0.9681476403781077,0.9751493543055633,0.22154849761946724,15.0,0.0,-0.5000000000000004,0.8660254037844384,0.9427611433904207,-0.3334687789181868,1,0.0,cloud_ramp_2,46
2023-04-21 23:00:00+05:30,PVG_S1,solar,C1_Pavagada,0.0,0.0,29.223542864692437,0.0,150.0,0.25038000405444144,0.9681476403781077,0.9751493543055633,0.22154849761946724,15.0,0.0,-0.25881904510252157,0.9659258262890681,0.9427611433904207,-0.3334687789181868,1,0.0,cloud_ramp_2,47
2023-06-10 00:00:00+05:30,PVG_S1,solar,C1_Pavagada,0.0,0.0,30.0,0.0,150.0,0.25038000405444144,0.9681476403781077,0.9751493543055633,0.22154849761946724,15.0,0.0,0.0,1.0,0.36171373072976765,-0.9322892131745133,2,0.0,cloud_ramp_3,0
2023-06-10 01:00:00+05:30,PVG_S1,solar,C1_Pavagada,0.0,0.0,30.776457135307563,0.0,150.0,0.25038000405444144,0.9681476403781077,0.9751493543055633,0.22154849761946724,15.0,0.0,0.25881904510252074,0.9659258262890683,0.36171373072976765,-0.9322892131745133,2,0.0,cloud_ramp_3,1
2023-06-10 02:00:00+05:30,PVG_S1,solar,C1_Pavagada,0.0,0.0,31.5,0.0,150.0,0.25038000405444144,0.9681476403781077,0.9751493543055633,0.22154849761946724,15.0,0.0,0.49999999999999994,0.8660254037844387,0.36171373072976765,-0.9322892131745133,2,0.0,cloud_ramp_3,2
2023-06-10 03:00:00+05:30,PVG_S1,solar,C1_Pavagada,0.0,0.0,32.121320343559645,0.0,150.0,0.25038000405444144,0.9681476403781077,0.9751493543055633,0.22154849761946724,15.0,0.0,0.7071067811865475,0.7071067811865476,0.36171373072976765,-0.9322892131745133,2,0.0,cloud_ramp_3,3
2023-06-10 04:00:00+05:30,PVG_S1,solar,C1_Pavagada,0.0,0.0,32.598076211353316,0.0,150.0,0.25038000405444144,0.9681476403781077,0.9751493543055633,0.22154849761946724,15.0,0.0,0.8660254037844386,0.5000000000000001,0.36171373072976765,-0.9322892131745133,2,0.0,cloud_ramp_3,4
2023-06-10 05:00:00+05:30,PVG_S1,solar,C1_Pavagada,0.0,0.0,32.897777478867205,0.0,150.0,0.25038000405444144,0.9681476403781077,0.9751493543055633,0.22154849761946724,15.0,0.0,0.9659258262890683,0.25881904510252074,0.36171373072976765,-0.9322892131745133,2,0.0,cloud_ramp_3,5
2023-06-10 06:00:00+05:30,PVG_S1,solar,C1_Pavagada,0.8461,0.0,33.0,5.63,150.0,0.25038000405444144,0.9681476403781077,0.9751493543055633,0.22154849761946724,15.0,0.0,1.0,6.123233995736766e-17,0.36171373072976765,-0.9322892131745133,2,8.411,cloud_ramp_3,6
2023-06-10 07:00:00+05:30,PVG_S1,solar,C1_Pavagada,0.903,0.0,32.897777478867205,14.153,150.0,0.25038000405444144,0.9681476403781077,0.9751493543055633,0.22154849761946724,15.0,0.0,0.9659258262890683,-0.25881904510252063,0.36171373072976765,-0.9322892131745133,2,30.138,cloud_ramp_3,7
2023-06-10 08:00:00+05:30,PVG_S1,solar,C1_Pavagada,0.847,0.0,32.598076211353316,26.816,150.0,0.25038000405444144,0.9681476403781077,0.9751493543055633,0.22154849761946724,15.0,0.0,0.8660254037844387,-0.49999999999999983,0.36171373072976765,-0.9322892131745133,2,46.806,cloud_ramp_3,8
2023-06-10 09:00:00+05:30,PVG_S1,solar,C1_Pavagada,0.8986,0.0,32.121320343559645,37.837,150.0,0.25038000405444144,0.9681476403781077,0.9751493543055633,0.22154849761946724,15.0,0.0,0.7071067811865476,-0.7071067811865475,0.36171373072976765,-0.9322892131745133,2,66.621,cloud_ramp_3,9
2023-06-10 10:00:00+05:30,PVG_S1,solar,C1_Pavagada,0.55,0.0,31.5,113.064,150.0,0.25038000405444144,0.9681476403781077,0.9751493543055633,0.22154849761946724,15.0,0.0,0.49999999999999994,-0.8660254037844387,0.36171373072976765,-0.9322892131745133,2,48.8,cloud_ramp_3,10
2023-06-10 11:00:00+05:30,PVG_S1,solar,C1_Pavagada,0.15,0.0,30.776457135307563,215.663,150.0,0.25038000405444144,0.9681476403781077,0.9751493543055633,0.22154849761946724,15.0,0.0,0.258819045102521,-0.9659258262890682,0.36171373072976765,-0.9322892131745133,2,14.704,cloud_ramp_3,11
2023-06-10 12:00:00+05:30,PVG_S1,solar,C1_Pavagada,0.0875,0.0,30.0,115.237,150.0,0.25038000405444144,0.9681476403781077,0.9751493543055633,0.22154849761946724,15.0,0.0,1.2246467991473532e-16,-1.0,0.36171373072976765,-0.9322892131745133,2,8.874,cloud_ramp_3,12
2023-06-10 13:00:00+05:30,PVG_S1,solar,C1_Pavagada,0.1592,0.0,29.223542864692437,109.366,150.0,0.25038000405444144,0.9681476403781077,0.9751493543055633,0.22154849761946724,15.0,0.0,-0.2588190451025208,-0.9659258262890683,0.36171373072976765,-0.9322892131745133,2,15.683,cloud_ramp_3,13
2023-06-10 14:00:00+05:30,PVG_S1,solar,C1_Pavagada,0.1622,0.0,28.5,170.545,150.0,0.25038000405444144,0.9681476403781077,0.9751493543055633,0.22154849761946724,15.0,0.0,-0.4999999999999998,-0.8660254037844388,0.36171373072976765,-0.9322892131745133,2,14.528,cloud_ramp_3,14
2023-06-10 15:00:00+05:30,PVG_S1,solar,C1_Pavagada,0.45,0.0,27.878679656440358,104.344,150.0,0.25038000405444144,0.9681476403781077,0.9751493543055633,0.22154849761946724,15.0,0.0,-0.7071067811865471,-0.7071067811865479,0.36171373072976765,-0.9322892131745133,2,33.796,cloud_ramp_3,15
2023-06-10 16:00:00+05:30,PVG_S1,solar,C1_Pavagada,0.78,0.0,27.401923788646684,62.885,150.0,0.25038000405444144,0.9681476403781077,0.9751493543055633,0.22154849761946724,15.0,0.0,-0.8660254037844384,-0.5000000000000004,0.36171373072976765,-0.9322892131745133,2,43.792,cloud_ramp_3,16
2023-06-10 17:00:00+05:30,PVG_S1,solar,C1_Pavagada,0.873,0.0,27.102222521132795,18.938,150.0,0.25038000405444144,0.9681476403781077,0.9751493543055633,0.22154849761946724,15.0,0.0,-0.9659258262890683,-0.25881904510252063,0.36171373072976765,-0.9322892131745133,2,29.656,cloud_ramp_3,17
2023-06-10 18:00:00+05:30,PVG_S1,solar,C1_Pavagada,0.8686,0.0,27.0,4.577,150.0,0.25038000405444144,0.9681476403781077,0.9751493543055633,0.22154849761946724,15.0,0.0,-1.0,-1.8369701987210297e-16,0.36171373072976765,-0.9322892131745133,2,8.794,cloud_ramp_3,18
2023-06-10 19:00:00+05:30,PVG_S1,solar,C1_Pavagada,0.0,0.0,27.102222521132795,0.0,150.0,0.25038000405444144,0.9681476403781077,0.9751493543055633,0.22154849761946724,15.0,0.0,-0.9659258262890684,0.2588190451025203,0.36171373072976765,-0.9322892131745133,2,0.0,cloud_ramp_3,19
2023-06-10 20:00:00+05:30,PVG_S1,solar,C1_Pavagada,0.0,0.0,27.401923788646684,0.0,150.0,0.25038000405444144,0.9681476403781077,0.9751493543055633,0.22154849761946724,15.0,0.0,-0.8660254037844386,0.5000000000000001,0.36171373072976765,-0.9322892131745133,2,0.0,cloud_ramp_3,20
2023-06-10 21:00:00+05:30,PVG_S1,solar,C1_Pavagada,0.0,0.0,27.878679656440358,0.0,150.0,0.25038000405444144,0.9681476403781077,0.9751493543055633,0.22154849761946724,15.0,0.0,-0.7071067811865477,0.7071067811865474,0.36171373072976765,-0.9322892131745133,2,0.0,cloud_ramp_3,21
2023-06-10 22:00:00+05:30,PVG_S1,solar,C1_Pavagada,0.0,0.0,28.5,0.0,150.0,0.25038000405444144,0.9681476403781077,0.9751493543055633,0.22154849761946724,15.0,0.0,-0.5000000000000004,0.8660254037844384,0.36171373072976765,-0.9322892131745133,2,0.0,cloud_ramp_3,22
2023-06-10 23:00:00+05:30,PVG_S1,solar,C1_Pavagada,0.0,0.0,29.223542864692437,0.0,150.0,0.25038000405444144,0.9681476403781077,0.9751493543055633,0.22154849761946724,15.0,0.0,-0.25881904510252157,0.9659258262890681,0.36171373072976765,-0.9322892131745133,2,0.0,cloud_ramp_3,23
2023-06-11 00:00:00+05:30,PVG_S1,solar,C1_Pavagada,0.0,0.0,30.0,0.0,150.0,0.25038000405444144,0.9681476403781077,0.9751493543055633,0.22154849761946724,15.0,0.0,0.0,1.0,0.3456123126707335,-0.9383773917408641,2,0.0,cloud_ramp_3,24
2023-06-11 01:00:00+05:30,PVG_S1,solar,C1_Pavagada,0.0,0.0,30.776457135307563,0.0,150.0,0.25038000405444144,0.9681476403781077,0.9751493543055633,0.22154849761946724,15.0,0.0,0.25881904510252074,0.9659258262890683,0.3456123126707335,-0.9383773917408641,2,0.0,cloud_ramp_3,25
2023-06-11 02:00:00+05:30,PVG_S1,solar,C1_Pavagada,0.0,0.0,31.5,0.0,150.0,0.25038000405444144,0.9681476403781077,0.9751493543055633,0.22154849761946724,15.0,0.0,0.49999999999999994,0.8660254037844387,0.3456123126707335,-0.9383773917408641,2,0.0,cloud_ramp_3,26
2023-06-11 03:00:00+05:30,PVG_S1,solar,C1_Pavagada,0.0,0.0,32.121320343559645,0.0,150.0,0.25038000405444144,0.9681476403781077,0.9751493543055633,0.22154849761946724,15.0,0.0,0.7071067811865475,0.7071067811865476,0.3456123126707335,-0.9383773917408641,2,0.0,cloud_ramp_3,27
2023-06-11 04:00:00+05:30,PVG_S1,solar,C1_Pavagada,0.0,0.0,32.598076211353316,0.0,150.0,0.25038000405444144,0.9681476403781077,0.9751493543055633,0.22154849761946724,15.0,0.0,0.8660254037844386,0.5000000000000001,0.3456123126707335,-0.9383773917408641,2,0.0,cloud_ramp_3,28
2023-06-11 05:00:00+05:30,PVG_S1,solar,C1_Pavagada,0.0,0.0,32.897777478867205,0.0,150.0,0.25038000405444144,0.9681476403781077,0.9751493543055633,0.22154849761946724,15.0,0.0,0.9659258262890683,0.25881904510252074,0.3456123126707335,-0.9383773917408641,2,0.0,cloud_ramp_3,29
2023-06-11 06:00:00+05:30,PVG_S1,solar,C1_Pavagada,0.8738,0.0,33.0,5.619,150.0,0.25038000405444144,0.9681476403781077,0.9751493543055633,0.22154849761946724,15.0,0.0,1.0,6.123233995736766e-17,0.3456123126707335,-0.9383773917408641,2,8.713,cloud_ramp_3,30
2023-06-11 07:00:00+05:30,PVG_S1,solar,C1_Pavagada,0.8816,0.0,32.897777478867205,26.307,150.0,0.25038000405444144,0.9681476403781077,0.9751493543055633,0.22154849761946724,15.0,0.0,0.9659258262890683,-0.25881904510252063,0.3456123126707335,-0.9383773917408641,2,29.441,cloud_ramp_3,31
2023-06-11 08:00:00+05:30,PVG_S1,solar,C1_Pavagada,0.8959,0.0,32.598076211353316,27.276,150.0,0.25038000405444144,0.9681476403781077,0.9751493543055633,0.22154849761946724,15.0,0.0,0.8660254037844387,-0.49999999999999983,0.3456123126707335,-0.9383773917408641,2,49.512,cloud_ramp_3,32
2023-06-11 09:00:00+05:30,PVG_S1,solar,C1_Pavagada,0.879,0.0,32.121320343559645,41.139,150.0,0.25038000405444144,0.9681476403781077,0.9751493543055633,0.22154849761946724,15.0,0.0,0.7071067811865476,-0.7071067811865475,0.3456123126707335,-0.9383773917408641,2,65.163,cloud_ramp_3,33
2023-06-11 10:00:00+05:30,PVG_S1,solar,C1_Pavagada,0.8766,0.0,31.5,60.242,150.0,0.25038000405444144,0.9681476403781077,0.9751493543055633,0.22154849761946724,15.0,0.0,0.49999999999999994,-0.8660254037844387,0.3456123126707335,-0.9383773917408641,2,77.771,cloud_ramp_3,34
2023-06-11 11:00:00+05:30,PVG_S1,solar,C1_Pavagada,0.8677,0.0,30.776457135307563,55.982,150.0,0.25038000405444144,0.9681476403781077,0.9751493543055633,0.22154849761946724,15.0,0.0,0.258819045102521,-0.9659258262890682,0.3456123126707335,-0.9383773917408641,2,85.048,cloud_ramp_3,35
2023-06-11 12:00:00+05:30,PVG_S1,solar,C1_Pavagada,0.8798,0.0,30.0,56.531,150.0,0.25038000405444144,0.9681476403781077,0.9751493543055633,0.22154849761946724,15.0,0.0,1.2246467991473532e-16,-1.0,0.3456123126707335,-0.9383773917408641,2,89.174,cloud_ramp_3,36
2023-06-11 13:00:00+05:30,PVG_S1,solar,C1_Pavagada,0.8917,0.0,29.223542864692437,37.202,150.0,0.25038000405444144,0.9681476403781077,0.9751493543055633,0.22154849761946724,15.0,0.0,-0.2588190451025208,-0.9659258262890683,0.3456123126707335,-0.9383773917408641,2,87.808,cloud_ramp_3,37
2023-06-11 14:00:00+05:30,PVG_S1,solar,C1_Pavagada,0.8896,0.0,28.5,34.402,150.0,0.25038000405444144,0.9681476403781077,0.9751493543055633,0.22154849761946724,15.0,0.0,-0.4999999999999998,-0.8660254037844388,0.3456123126707335,-0.9383773917408641,2,79.646,cloud_ramp_3,38
2023-06-11 15:00:00+05:30,PVG_S1,solar,C1_Pavagada,0.8528,0.0,27.878679656440358,35.088,150.0,0.25038000405444144,0.9681476403781077,0.9751493543055633,0.22154849761946724,15.0,0.0,-0.7071067811865471,-0.7071067811865479,0.3456123126707335,-0.9383773917408641,2,64.043,cloud_ramp_3,39
2023-06-11 16:00:00+05:30,PVG_S1,solar,C1_Pavagada,0.8882,0.0,27.401923788646684,29.077,150.0,0.25038000405444144,0.9681476403781077,0.9751493543055633,0.22154849761946724,15.0,0.0,-0.8660254037844384,-0.5000000000000004,0.3456123126707335,-0.9383773917408641,2,49.87,cloud_ramp_3,40
2023-06-11 17:00:00+05:30,PVG_S1,solar,C1_Pavagada,0.8689,0.0,27.102222521132795,18.839,150.0,0.25038000405444144,0.9681476403781077,0.9751493543055633,0.22154849761946724,15.0,0.0,-0.9659258262890683,-0.25881904510252063,0.3456123126707335,-0.9383773917408641,2,29.532,cloud_ramp_3,41
2023-06-11 18:00:00+05:30,PVG_S1,solar,C1_Pavagada,0.8927,0.0,27.0,5.384,150.0,0.25038000405444144,0.9681476403781077,0.9751493543055633,0.22154849761946724,15.0,0.0,-1.0,-1.8369701987210297e-16,0.3456123126707335,-0.9383773917408641,2,9.065,cloud_ramp_3,42
2023-06-11 19:00:00+05:30,PVG_S1,solar,C1_Pavagada,0.0,0.0,27.102222521132795,0.0,150.0,0.25038000405444144,0.9681476403781077,0.9751493543055633,0.22154849761946724,15.0,0.0,-0.9659258262890684,0.2588190451025203,0.3456123126707335,-0.9383773917408641,2,0.0,cloud_ramp_3,43
2023-06-11 20:00:00+05:30,PVG_S1,solar,C1_Pavagada,0.0,0.0,27.401923788646684,0.0,150.0,0.25038000405444144,0.9681476403781077,0.9751493543055633,0.22154849761946724,15.0,0.0,-0.8660254037844386,0.5000000000000001,0.3456123126707335,-0.9383773917408641,2,0.0,cloud_ramp_3,44
2023-06-11 21:00:00+05:30,PVG_S1,solar,C1_Pavagada,0.0,0.0,27.878679656440358,0.0,150.0,0.25038000405444144,0.9681476403781077,0.9751493543055633,0.22154849761946724,15.0,0.0,-0.7071067811865477,0.7071067811865474,0.3456123126707335,-0.9383773917408641,2,0.0,cloud_ramp_3,45
2023-06-11 22:00:00+05:30,PVG_S1,solar,C1_Pavagada,0.0,0.0,28.5,0.0,150.0,0.25038000405444144,0.9681476403781077,0.9751493543055633,0.22154849761946724,15.0,0.0,-0.5000000000000004,0.8660254037844384,0.3456123126707335,-0.9383773917408641,2,0.0,cloud_ramp_3,46
2023-06-11 23:00:00+05:30,PVG_S1,solar,C1_Pavagada,0.0,0.0,29.223542864692437,0.0,150.0,0.25038000405444144,0.9681476403781077,0.9751493543055633,0.22154849761946724,15.0,0.0,-0.25881904510252157,0.9659258262890681,0.3456123126707335,-0.9383773917408641,2,0.0,cloud_ramp_3,47
2023-09-05 00:00:00+05:30,PVG_S1,solar,C1_Pavagada,0.0,0.0,30.0,0.0,150.0,0.25038000405444144,0.9681476403781077,0.9751493543055633,0.22154849761946724,15.0,0.0,0.0,1.0,-0.9033558023246842,-0.4288919379124841,2,0.0,cloud_ramp_4,0
2023-09-05 01:00:00+05:30,PVG_S1,solar,C1_Pavagada,0.0,0.0,30.776457135307563,0.0,150.0,0.25038000405444144,0.9681476403781077,0.9751493543055633,0.22154849761946724,15.0,0.0,0.25881904510252074,0.9659258262890683,-0.9033558023246842,-0.4288919379124841,2,0.0,cloud_ramp_4,1
2023-09-05 02:00:00+05:30,PVG_S1,solar,C1_Pavagada,0.0,0.0,31.5,0.0,150.0,0.25038000405444144,0.9681476403781077,0.9751493543055633,0.22154849761946724,15.0,0.0,0.49999999999999994,0.8660254037844387,-0.9033558023246842,-0.4288919379124841,2,0.0,cloud_ramp_4,2
2023-09-05 03:00:00+05:30,PVG_S1,solar,C1_Pavagada,0.0,0.0,32.121320343559645,0.0,150.0,0.25038000405444144,0.9681476403781077,0.9751493543055633,0.22154849761946724,15.0,0.0,0.7071067811865475,0.7071067811865476,-0.9033558023246842,-0.4288919379124841,2,0.0,cloud_ramp_4,3
2023-09-05 04:00:00+05:30,PVG_S1,solar,C1_Pavagada,0.0,0.0,32.598076211353316,0.0,150.0,0.25038000405444144,0.9681476403781077,0.9751493543055633,0.22154849761946724,15.0,0.0,0.8660254037844386,0.5000000000000001,-0.9033558023246842,-0.4288919379124841,2,0.0,cloud_ramp_4,4
2023-09-05 05:00:00+05:30,PVG_S1,solar,C1_Pavagada,0.0,0.0,32.897777478867205,0.0,150.0,0.25038000405444144,0.9681476403781077,0.9751493543055633,0.22154849761946724,15.0,0.0,0.9659258262890683,0.25881904510252074,-0.9033558023246842,-0.4288919379124841,2,0.0,cloud_ramp_4,5
2023-09-05 06:00:00+05:30,PVG_S1,solar,C1_Pavagada,0.8622,0.0,33.0,1.654,150.0,0.25038000405444144,0.9681476403781077,0.9751493543055633,0.22154849761946724,15.0,0.0,1.0,6.123233995736766e-17,-0.9033558023246842,-0.4288919379124841,2,2.361,cloud_ramp_4,6
2023-09-05 07:00:00+05:30,PVG_S1,solar,C1_Pavagada,0.9301,0.0,32.897777478867205,12.161,150.0,0.25038000405444144,0.9681476403781077,0.9751493543055633,0.22154849761946724,15.0,0.0,0.9659258262890683,-0.25881904510252063,-0.9033558023246842,-0.4288919379124841,2,26.088,cloud_ramp_4,7
2023-09-05 08:00:00+05:30,PVG_S1,solar,C1_Pavagada,0.9125,0.0,32.598076211353316,20.459,150.0,0.25038000405444144,0.9681476403781077,0.9751493543055633,0.22154849761946724,15.0,0.0,0.8660254037844387,-0.49999999999999983,-0.9033558023246842,-0.4288919379124841,2,47.158,cloud_ramp_4,8
2023-09-05 09:00:00+05:30,PVG_S1,solar,C1_Pavagada,0.9263,0.0,32.121320343559645,49.874,150.0,0.25038000405444144,0.9681476403781077,0.9751493543055633,0.22154849761946724,15.0,0.0,0.7071067811865476,-0.7071067811865475,-0.9033558023246842,-0.4288919379124841,2,66.751,cloud_ramp_4,9
2023-09-05 10:00:00+05:30,PVG_S1,solar,C1_Pavagada,0.55,0.0,31.5,107.678,150.0,0.25038000405444144,0.9681476403781077,0.9751493543055633,0.22154849761946724,15.0,0.0,0.49999999999999994,-0.8660254037844387,-0.9033558023246842,-0.4288919379124841,2,48.291,cloud_ramp_4,10
2023-09-05 11:00:00+05:30,PVG_S1,solar,C1_Pavagada,0.15,0.0,30.776457135307563,255.566,150.0,0.25038000405444144,0.9681476403781077,0.9751493543055633,0.22154849761946724,15.0,0.0,0.258819045102521,-0.9659258262890682,-0.9033558023246842,-0.4288919379124841,2,14.674,cloud_ramp_4,11
2023-09-05 12:00:00+05:30,PVG_S1,solar,C1_Pavagada,0.1554,0.0,30.0,170.384,150.0,0.25038000405444144,0.9681476403781077,0.9751493543055633,0.22154849761946724,15.0,0.0,1.2246467991473532e-16,-1.0,-0.9033558023246842,-0.4288919379124841,2,15.759,cloud_ramp_4,12
2023-09-05 13:00:00+05:30,PVG_S1,solar,C1_Pavagada,0.1819,0.0,29.223542864692437,152.597,150.0,0.25038000405444144,0.9681476403781077,0.9751493543055633,0.22154849761946724,15.0,0.0,-0.2588190451025208,-0.9659258262890683,-0.9033558023246842,-0.4288919379124841,2,17.877,cloud_ramp_4,13
2023-09-05 14:00:00+05:30,PVG_S1,solar,C1_Pavagada,0.1418,0.0,28.5,145.234,150.0,0.25038000405444144,0.9681476403781077,0.9751493543055633,0.22154849761946724,15.0,0.0,-0.4999999999999998,-0.8660254037844388,-0.9033558023246842,-0.4288919379124841,2,12.567,cloud_ramp_4,14
2023-09-05 15:00:00+05:30,PVG_S1,solar,C1_Pavagada,0.45,0.0,27.878679656440358,71.278,150.0,0.25038000405444144,0.9681476403781077,0.9751493543055633,0.22154849761946724,15.0,0.0,-0.7071067811865471,-0.7071067811865479,-0.9033558023246842,-0.4288919379124841,2,32.848,cloud_ramp_4,15
2023-09-05 16:00:00+05:30,PVG_S1,solar,C1_Pavagada,0.78,0.0,27.401923788646684,41.266,150.0,0.25038000405444144,0.9681476403781077,0.9751493543055633,0.22154849761946724,15.0,0.0,-0.8660254037844384,-0.5000000000000004,-0.9033558023246842,-0.4288919379124841,2,40.955,cloud_ramp_4,16
2023-09-05 17:00:00+05:30,PVG_S1,solar,C1_Pavagada,0.9088,0.0,27.102222521132795,17.555,150.0,0.25038000405444144,0.9681476403781077,0.9751493543055633,0.22154849761946724,15.0,0.0,-0.9659258262890683,-0.25881904510252063,-0.9033558023246842,-0.4288919379124841,2,25.944,cloud_ramp_4,17
2023-09-05 18:00:00+05:30,PVG_S1,solar,C1_Pavagada,0.853,0.0,27.0,1.196,150.0,0.25038000405444144,0.9681476403781077,0.9751493543055633,0.22154849761946724,15.0,0.0,-1.0,-1.8369701987210297e-16,-0.9033558023246842,-0.4288919379124841,2,2.379,cloud_ramp_4,18
2023-09-05 19:00:00+05:30,PVG_S1,solar,C1_Pavagada,0.0,0.0,27.102222521132795,0.0,150.0,0.25038000405444144,0.9681476403781077,0.9751493543055633,0.22154849761946724,15.0,0.0,-0.9659258262890684,0.2588190451025203,-0.9033558023246842,-0.4288919379124841,2,0.0,cloud_ramp_4,19
2023-09-05 20:00:00+05:30,PVG_S1,solar,C1_Pavagada,0.0,0.0,27.401923788646684,0.0,150.0,0.25038000405444144,0.9681476403781077,0.9751493543055633,0.22154849761946724,15.0,0.0,-0.8660254037844386,0.5000000000000001,-0.9033558023246842,-0.4288919379124841,2,0.0,cloud_ramp_4,20
2023-09-05 21:00:00+05:30,PVG_S1,solar,C1_Pavagada,0.0,0.0,27.878679656440358,0.0,150.0,0.25038000405444144,0.9681476403781077,0.9751493543055633,0.22154849761946724,15.0,0.0,-0.7071067811865477,0.7071067811865474,-0.9033558023246842,-0.4288919379124841,2,0.0,cloud_ramp_4,21
2023-09-05 22:00:00+05:30,PVG_S1,solar,C1_Pavagada,0.0,0.0,28.5,0.0,150.0,0.25038000405444144,0.9681476403781077,0.9751493543055633,0.22154849761946724,15.0,0.0,-0.5000000000000004,0.8660254037844384,-0.9033558023246842,-0.4288919379124841,2,0.0,cloud_ramp_4,22
2023-09-05 23:00:00+05:30,PVG_S1,solar,C1_Pavagada,0.0,0.0,29.223542864692437,0.0,150.0,0.25038000405444144,0.9681476403781077,0.9751493543055633,0.22154849761946724,15.0,0.0,-0.25881904510252157,0.9659258262890681,-0.9033558023246842,-0.4288919379124841,2,0.0,cloud_ramp_4,23
2023-09-06 00:00:00+05:30,PVG_S1,solar,C1_Pavagada,0.0,0.0,30.0,0.0,150.0,0.25038000405444144,0.9681476403781077,0.9751493543055633,0.22154849761946724,15.0,0.0,0.0,1.0,-0.9106046300942162,-0.41327860778290443,2,0.0,cloud_ramp_4,24
2023-09-06 01:00:00+05:30,PVG_S1,solar,C1_Pavagada,0.0,0.0,30.776457135307563,0.0,150.0,0.25038000405444144,0.9681476403781077,0.9751493543055633,0.22154849761946724,15.0,0.0,0.25881904510252074,0.9659258262890683,-0.9106046300942162,-0.41327860778290443,2,0.0,cloud_ramp_4,25
2023-09-06 02:00:00+05:30,PVG_S1,solar,C1_Pavagada,0.0,0.0,31.5,0.0,150.0,0.25038000405444144,0.9681476403781077,0.9751493543055633,0.22154849761946724,15.0,0.0,0.49999999999999994,0.8660254037844387,-0.9106046300942162,-0.41327860778290443,2,0.0,cloud_ramp_4,26
2023-09-06 03:00:00+05:30,PVG_S1,solar,C1_Pavagada,0.0,0.0,32.121320343559645,0.0,150.0,0.25038000405444144,0.9681476403781077,0.9751493543055633,0.22154849761946724,15.0,0.0,0.7071067811865475,0.7071067811865476,-0.9106046300942162,-0.41327860778290443,2,0.0,cloud_ramp_4,27
2023-09-06 04:00:00+05:30,PVG_S1,solar,C1_Pavagada,0.0,0.0,32.598076211353316,0.0,150.0,0.25038000405444144,0.9681476403781077,0.9751493543055633,0.22154849761946724,15.0,0.0,0.8660254037844386,0.5000000000000001,-0.9106046300942162,-0.41327860778290443,2,0.0,cloud_ramp_4,28
2023-09-06 05:00:00+05:30,PVG_S1,solar,C1_Pavagada,0.0,0.0,32.897777478867205,0.0,150.0,0.25038000405444144,0.9681476403781077,0.9751493543055633,0.22154849761946724,15.0,0.0,0.9659258262890683,0.25881904510252074,-0.9106046300942162,-0.41327860778290443,2,0.0,cloud_ramp_4,29
2023-09-06 06:00:00+05:30,PVG_S1,solar,C1_Pavagada,0.8765,0.0,33.0,1.372,150.0,0.25038000405444144,0.9681476403781077,0.9751493543055633,0.22154849761946724,15.0,0.0,1.0,6.123233995736766e-17,-0.9106046300942162,-0.41327860778290443,2,2.25,cloud_ramp_4,30
2023-09-06 07:00:00+05:30,PVG_S1,solar,C1_Pavagada,0.866,0.0,32.897777478867205,29.062,150.0,0.25038000405444144,0.9681476403781077,0.9751493543055633,0.22154849761946724,15.0,0.0,0.9659258262890683,-0.25881904510252063,-0.9106046300942162,-0.41327860778290443,2,24.157,cloud_ramp_4,31
2023-09-06 08:00:00+05:30,PVG_S1,solar,C1_Pavagada,0.9077,0.0,32.598076211353316,21.351,150.0,0.25038000405444144,0.9681476403781077,0.9751493543055633,0.22154849761946724,15.0,0.0,0.8660254037844387,-0.49999999999999983,-0.9106046300942162,-0.41327860778290443,2,46.786,cloud_ramp_4,32
2023-09-06 09:00:00+05:30,PVG_S1,solar,C1_Pavagada,0.8677,0.0,32.121320343559645,38.158,150.0,0.25038000405444144,0.9681476403781077,0.9751493543055633,0.22154849761946724,15.0,0.0,0.7071067811865476,-0.7071067811865475,-0.9106046300942162,-0.41327860778290443,2,62.415,cloud_ramp_4,33
2023-09-06 10:00:00+05:30,PVG_S1,solar,C1_Pavagada,0.868,0.0,31.5,30.497,150.0,0.25038000405444144,0.9681476403781077,0.9751493543055633,0.22154849761946724,15.0,0.0,0.49999999999999994,-0.8660254037844387,-0.9106046300942162,-0.41327860778290443,2,76.113,cloud_ramp_4,34
2023-09-06 11:00:00+05:30,PVG_S1,solar,C1_Pavagada,0.888,0.0,30.776457135307563,55.681,150.0,0.25038000405444144,0.9681476403781077,0.9751493543055633,0.22154849761946724,15.0,0.0,0.258819045102521,-0.9659258262890682,-0.9106046300942162,-0.41327860778290443,2,86.782,cloud_ramp_4,35
2023-09-06 12:00:00+05:30,PVG_S1,solar,C1_Pavagada,0.8633,0.0,30.0,65.797,150.0,0.25038000405444144,0.9681476403781077,0.9751493543055633,0.22154849761946724,15.0,0.0,1.2246467991473532e-16,-1.0,-0.9106046300942162,-0.41327860778290443,2,87.469,cloud_ramp_4,36
2023-09-06 13:00:00+05:30,PVG_S1,solar,C1_Pavagada,0.8463,0.0,29.223542864692437,59.098,150.0,0.25038000405444144,0.9681476403781077,0.9751493543055633,0.22154849761946724,15.0,0.0,-0.2588190451025208,-0.9659258262890683,-0.9106046300942162,-0.41327860778290443,2,83.096,cloud_ramp_4,37
2023-09-06 14:00:00+05:30,PVG_S1,solar,C1_Pavagada,0.867,0.0,28.5,47.701,150.0,0.25038000405444144,0.9681476403781077,0.9751493543055633,0.22154849761946724,15.0,0.0,-0.4999999999999998,-0.8660254037844388,-0.9106046300942162,-0.41327860778290443,2,76.727,cloud_ramp_4,38
2023-09-06 15:00:00+05:30,PVG_S1,solar,C1_Pavagada,0.8553,0.0,27.878679656440358,36.499,150.0,0.25038000405444144,0.9681476403781077,0.9751493543055633,0.22154849761946724,15.0,0.0,-0.7071067811865471,-0.7071067811865479,-0.9106046300942162,-0.41327860778290443,2,62.328,cloud_ramp_4,39
2023-09-06 16:00:00+05:30,PVG_S1,solar,C1_Pavagada,0.8778,0.0,27.401923788646684,29.925,150.0,0.25038000405444144,0.9681476403781077,0.9751493543055633,0.22154849761946724,15.0,0.0,-0.8660254037844384,-0.5000000000000004,-0.9106046300942162,-0.41327860778290443,2,45.966,cloud_ramp_4,40
2023-09-06 17:00:00+05:30,PVG_S1,solar,C1_Pavagada,0.8845,0.0,27.102222521132795,17.943,150.0,0.25038000405444144,0.9681476403781077,0.9751493543055633,0.22154849761946724,15.0,0.0,-0.9659258262890683,-0.25881904510252063,-0.9106046300942162,-0.41327860778290443,2,25.113,cloud_ramp_4,41
2023-09-06 18:00:00+05:30,PVG_S1,solar,C1_Pavagada,0.8878,0.0,27.0,1.405,150.0,0.25038000405444144,0.9681476403781077,0.9751493543055633,0.22154849761946724,15.0,0.0,-1.0,-1.8369701987210297e-16,-0.9106046300942162,-0.41327860778290443,2,2.321,cloud_ramp_4,42
2023-09-06 19:00:00+05:30,PVG_S1,solar,C1_Pavagada,0.0,0.0,27.102222521132795,0.0,150.0,0.25038000405444144,0.9681476403781077,0.9751493543055633,0.22154849761946724,15.0,0.0,-0.9659258262890684,0.2588190451025203,-0.9106046300942162,-0.41327860778290443,2,0.0,cloud_ramp_4,43
2023-09-06 20:00:00+05:30,PVG_S1,solar,C1_Pavagada,0.0,0.0,27.401923788646684,0.0,150.0,0.25038000405444144,0.9681476403781077,0.9751493543055633,0.22154849761946724,15.0,0.0,-0.8660254037844386,0.5000000000000001,-0.9106046300942162,-0.41327860778290443,2,0.0,cloud_ramp_4,44
2023-09-06 21:00:00+05:30,PVG_S1,solar,C1_Pavagada,0.0,0.0,27.878679656440358,0.0,150.0,0.25038000405444144,0.9681476403781077,0.9751493543055633,0.22154849761946724,15.0,0.0,-0.7071067811865477,0.7071067811865474,-0.9106046300942162,-0.41327860778290443,2,0.0,cloud_ramp_4,45
2023-09-06 22:00:00+05:30,PVG_S1,solar,C1_Pavagada,0.0,0.0,28.5,0.0,150.0,0.25038000405444144,0.9681476403781077,0.9751493543055633,0.22154849761946724,15.0,0.0,-0.5000000000000004,0.8660254037844384,-0.9106046300942162,-0.41327860778290443,2,0.0,cloud_ramp_4,46
2023-09-06 23:00:00+05:30,PVG_S1,solar,C1_Pavagada,0.0,0.0,29.223542864692437,0.0,150.0,0.25038000405444144,0.9681476403781077,0.9751493543055633,0.22154849761946724,15.0,0.0,-0.25881904510252157,0.9659258262890681,-0.9106046300942162,-0.41327860778290443,2,0.0,cloud_ramp_4,47
2023-11-10 00:00:00+05:30,PVG_S1,solar,C1_Pavagada,0.0,0.0,30.0,0.0,150.0,0.25038000405444144,0.9681476403781077,0.9751493543055633,0.22154849761946724,15.0,0.0,0.0,1.0,-0.7694148268839381,0.6387494220515268,3,0.0,cloud_ramp_5,0
2023-11-10 01:00:00+05:30,PVG_S1,solar,C1_Pavagada,0.0,0.0,30.776457135307563,0.0,150.0,0.25038000405444144,0.9681476403781077,0.9751493543055633,0.22154849761946724,15.0,0.0,0.25881904510252074,0.9659258262890683,-0.7694148268839381,0.6387494220515268,3,0.0,cloud_ramp_5,1
2023-11-10 02:00:00+05:30,PVG_S1,solar,C1_Pavagada,0.0,0.0,31.5,0.0,150.0,0.25038000405444144,0.9681476403781077,0.9751493543055633,0.22154849761946724,15.0,0.0,0.49999999999999994,0.8660254037844387,-0.7694148268839381,0.6387494220515268,3,0.0,cloud_ramp_5,2
2023-11-10 03:00:00+05:30,PVG_S1,solar,C1_Pavagada,0.0,0.0,32.121320343559645,0.0,150.0,0.25038000405444144,0.9681476403781077,0.9751493543055633,0.22154849761946724,15.0,0.0,0.7071067811865475,0.7071067811865476,-0.7694148268839381,0.6387494220515268,3,0.0,cloud_ramp_5,3
2023-11-10 04:00:00+05:30,PVG_S1,solar,C1_Pavagada,0.0,0.0,32.598076211353316,0.0,150.0,0.25038000405444144,0.9681476403781077,0.9751493543055633,0.22154849761946724,15.0,0.0,0.8660254037844386,0.5000000000000001,-0.7694148268839381,0.6387494220515268,3,0.0,cloud_ramp_5,4
2023-11-10 05:00:00+05:30,PVG_S1,solar,C1_Pavagada,0.0,0.0,32.897777478867205,0.0,150.0,0.25038000405444144,0.9681476403781077,0.9751493543055633,0.22154849761946724,15.0,0.0,0.9659258262890683,0.25881904510252074,-0.7694148268839381,0.6387494220515268,3,0.0,cloud_ramp_5,5
2023-11-10 06:00:00+05:30,PVG_S1,solar,C1_Pavagada,0.0,0.0,33.0,0.0,150.0,0.25038000405444144,0.9681476403781077,0.9751493543055633,0.22154849761946724,15.0,0.0,1.0,6.123233995736766e-17,-0.7694148268839381,0.6387494220515268,3,0.0,cloud_ramp_5,6
2023-11-10 07:00:00+05:30,PVG_S1,solar,C1_Pavagada,0.9106,0.0,32.897777478867205,12.034,150.0,0.25038000405444144,0.9681476403781077,0.9751493543055633,0.22154849761946724,15.0,0.0,0.9659258262890683,-0.25881904510252063,-0.7694148268839381,0.6387494220515268,3,14.933,cloud_ramp_5,7
2023-11-10 08:00:00+05:30,PVG_S1,solar,C1_Pavagada,0.903,0.0,32.598076211353316,13.113,150.0,0.25038000405444144,0.9681476403781077,0.9751493543055633,0.22154849761946724,15.0,0.0,0.8660254037844387,-0.49999999999999983,-0.7694148268839381,0.6387494220515268,3,35.223,cloud_ramp_5,8
2023-11-10 09:00:00+05:30,PVG_S1,solar,C1_Pavagada,0.9182,0.0,32.121320343559645,48.972,150.0,0.25038000405444144,0.9681476403781077,0.9751493543055633,0.22154849761946724,15.0,0.0,0.7071067811865476,-0.7071067811865475,-0.7694148268839381,0.6387494220515268,3,53.713,cloud_ramp_5,9
2023-11-10 10:00:00+05:30,PVG_S1,solar,C1_Pavagada,0.55,0.0,31.5,90.449,150.0,0.25038000405444144,0.9681476403781077,0.9751493543055633,0.22154849761946724,15.0,0.0,0.49999999999999994,-0.8660254037844387,-0.7694148268839381,0.6387494220515268,3,40.449,cloud_ramp_5,10
2023-11-10 11:00:00+05:30,PVG_S1,solar,C1_Pavagada,0.15,0.0,30.776457135307563,182.296,150.0,0.25038000405444144,0.9681476403781077,0.9751493543055633,0.22154849761946724,15.0,0.0,0.258819045102521,-0.9659258262890682,-0.7694148268839381,0.6387494220515268,3,12.468,cloud_ramp_5,11
2023-11-10 12:00:00+05:30,PVG_S1,solar,C1_Pavagada,0.1299,0.0,30.0,228.237,150.0,0.25038000405444144,0.9681476403781077,0.9751493543055633,0.22154849761946724,15.0,0.0,1.2246467991473532e-16,-1.0,-0.7694148268839381,0.6387494220515268,3,11.243,cloud_ramp_5,12
2023-11-10 13:00:00+05:30,PVG_S1,solar,C1_Pavagada,0.151,0.0,29.223542864692437,180.77,150.0,0.25038000405444144,0.9681476403781077,0.9751493543055633,0.22154849761946724,15.0,0.0,-0.2588190451025208,-0.9659258262890683,-0.7694148268839381,0.6387494220515268,3,12.607,cloud_ramp_5,13
2023-11-10 14:00:00+05:30,PVG_S1,solar,C1_Pavagada,0.1186,0.0,28.5,151.101,150.0,0.25038000405444144,0.9681476403781077,0.9751493543055633,0.22154849761946724,15.0,0.0,-0.4999999999999998,-0.8660254037844388,-0.7694148268839381,0.6387494220515268,3,8.802,cloud_ramp_5,14
2023-11-10 15:00:00+05:30,PVG_S1,solar,C1_Pavagada,0.45,0.0,27.878679656440358,79.156,150.0,0.25038000405444144,0.9681476403781077,0.9751493543055633,0.22154849761946724,15.0,0.0,-0.7071067811865471,-0.7071067811865479,-0.7694148268839381,0.6387494220515268,3,26.665,cloud_ramp_5,15
2023-11-10 16:00:00+05:30,PVG_S1,solar,C1_Pavagada,0.78,0.0,27.401923788646684,39.454,150.0,0.25038000405444144,0.9681476403781077,0.9751493543055633,0.22154849761946724,15.0,0.0,-0.8660254037844384,-0.5000000000000004,-0.7694148268839381,0.6387494220515268,3,30.912,cloud_ramp_5,16
2023-11-10 17:00:00+05:30,PVG_S1,solar,C1_Pavagada,0.8672,0.0,27.102222521132795,8.7,150.0,0.25038000405444144,0.9681476403781077,0.9751493543055633,0.22154849761946724,15.0,0.0,-0.9659258262890683,-0.25881904510252063,-0.7694148268839381,0.6387494220515268,3,14.475,cloud_ramp_5,17
2023-11-10 18:00:00+05:30,PVG_S1,solar,C1_Pavagada,0.0,0.0,27.0,0.0,150.0,0.25038000405444144,0.9681476403781077,0.9751493543055633,0.22154849761946724,15.0,0.0,-1.0,-1.8369701987210297e-16,-0.7694148268839381,0.6387494220515268,3,0.0,cloud_ramp_5,18
2023-11-10 19:00:00+05:30,PVG_S1,solar,C1_Pavagada,0.0,0.0,27.102222521132795,0.0,150.0,0.25038000405444144,0.9681476403781077,0.9751493543055633,0.22154849761946724,15.0,0.0,-0.9659258262890684,0.2588190451025203,-0.7694148268839381,0.6387494220515268,3,0.0,cloud_ramp_5,19
2023-11-10 20:00:00+05:30,PVG_S1,solar,C1_Pavagada,0.0,0.0,27.401923788646684,0.0,150.0,0.25038000405444144,0.9681476403781077,0.9751493543055633,0.22154849761946724,15.0,0.0,-0.8660254037844386,0.5000000000000001,-0.7694148268839381,0.6387494220515268,3,0.0,cloud_ramp_5,20
2023-11-10 21:00:00+05:30,PVG_S1,solar,C1_Pavagada,0.0,0.0,27.878679656440358,0.0,150.0,0.25038000405444144,0.9681476403781077,0.9751493543055633,0.22154849761946724,15.0,0.0,-0.7071067811865477,0.7071067811865474,-0.7694148268839381,0.6387494220515268,3,0.0,cloud_ramp_5,21
2023-11-10 22:00:00+05:30,PVG_S1,solar,C1_Pavagada,0.0,0.0,28.5,0.0,150.0,0.25038000405444144,0.9681476403781077,0.9751493543055633,0.22154849761946724,15.0,0.0,-0.5000000000000004,0.8660254037844384,-0.7694148268839381,0.6387494220515268,3,0.0,cloud_ramp_5,22
2023-11-10 23:00:00+05:30,PVG_S1,solar,C1_Pavagada,0.0,0.0,29.223542864692437,0.0,150.0,0.25038000405444144,0.9681476403781077,0.9751493543055633,0.22154849761946724,15.0,0.0,-0.25881904510252157,0.9659258262890681,-0.7694148268839381,0.6387494220515268,3,0.0,cloud_ramp_5,23
2023-11-11 00:00:00+05:30,PVG_S1,solar,C1_Pavagada,0.0,0.0,30.0,0.0,150.0,0.25038000405444144,0.9681476403781077,0.9751493543055633,0.22154849761946724,15.0,0.0,0.0,1.0,-0.7583058084785625,0.6518989958787125,3,0.0,cloud_ramp_5,24
2023-11-11 01:00:00+05:30,PVG_S1,solar,C1_Pavagada,0.0,0.0,30.776457135307563,0.0,150.0,0.25038000405444144,0.9681476403781077,0.9751493543055633,0.22154849761946724,15.0,0.0,0.25881904510252074,0.9659258262890683,-0.7583058084785625,0.6518989958787125,3,0.0,cloud_ramp_5,25
2023-11-11 02:00:00+05:30,PVG_S1,solar,C1_Pavagada,0.0,0.0,31.5,0.0,150.0,0.25038000405444144,0.9681476403781077,0.9751493543055633,0.22154849761946724,15.0,0.0,0.49999999999999994,0.8660254037844387,-0.7583058084785625,0.6518989958787125,3,0.0,cloud_ramp_5,26
2023-11-11 03:00:00+05:30,PVG_S1,solar,C1_Pavagada,0.0,0.0,32.121320343559645,0.0,150.0,0.25038000405444144,0.9681476403781077,0.9751493543055633,0.22154849761946724,15.0,0.0,0.7071067811865475,0.7071067811865476,-0.7583058084785625,0.6518989958787125,3,0.0,cloud_ramp_5,27
2023-11-11 04:00:00+05:30,PVG_S1,solar,C1_Pavagada,0.0,0.0,32.598076211353316,0.0,150.0,0.25038000405444144,0.9681476403781077,0.9751493543055633,0.22154849761946724,15.0,0.0,0.8660254037844386,0.5000000000000001,-0.7583058084785625,0.6518989958787125,3,0.0,cloud_ramp_5,28
2023-11-11 05:00:00+05:30,PVG_S1,solar,C1_Pavagada,0.0,0.0,32.897777478867205,0.0,150.0,0.25038000405444144,0.9681476403781077,0.9751493543055633,0.22154849761946724,15.0,0.0,0.9659258262890683,0.25881904510252074,-0.7583058084785625,0.6518989958787125,3,0.0,cloud_ramp_5,29
2023-11-11 06:00:00+05:30,PVG_S1,solar,C1_Pavagada,0.0,0.0,33.0,0.0,150.0,0.25038000405444144,0.9681476403781077,0.9751493543055633,0.22154849761946724,15.0,0.0,1.0,6.123233995736766e-17,-0.7583058084785625,0.6518989958787125,3,0.0,cloud_ramp_5,30
2023-11-11 07:00:00+05:30,PVG_S1,solar,C1_Pavagada,0.9134,0.0,32.897777478867205,8.222,150.0,0.25038000405444144,0.9681476403781077,0.9751493543055633,0.22154849761946724,15.0,0.0,0.9659258262890683,-0.25881904510252063,-0.7583058084785625,0.6518989958787125,3,14.847,cloud_ramp_5,31
2023-11-11 08:00:00+05:30,PVG_S1,solar,C1_Pavagada,0.8381,0.0,32.598076211353316,31.264,150.0,0.25038000405444144,0.9681476403781077,0.9751493543055633,0.22154849761946724,15.0,0.0,0.8660254037844387,-0.49999999999999983,-0.7583058084785625,0.6518989958787125,3,32.545,cloud_ramp_5,32
2023-11-11 09:00:00+05:30,PVG_S1,solar,C1_Pavagada,0.9108,0.0,32.121320343559645,29.758,150.0,0.25038000405444144,0.9681476403781077,0.9751493543055633,0.22154849761946724,15.0,0.0,0.7071067811865476,-0.7071067811865475,-0.7583058084785625,0.6518989958787125,3,53.092,cloud_ramp_5,33
2023-11-11 10:00:00+05:30,PVG_S1,solar,C1_Pavagada,0.8936,0.0,31.5,48.268,150.0,0.25038000405444144,0.9681476403781077,0.9751493543055633,0.22154849761946724,15.0,0.0,0.49999999999999994,-0.8660254037844387,-0.7583058084785625,0.6518989958787125,3,65.518,cloud_ramp_5,34
2023-11-11 11:00:00+05:30,PVG_S1,solar,C1_Pavagada,0.9044,0.0,30.776457135307563,47.869,150.0,0.25038000405444144,0.9681476403781077,0.9751493543055633,0.22154849761946724,15.0,0.0,0.258819045102521,-0.9659258262890682,-0.7583058084785625,0.6518989958787125,3,74.954,cloud_ramp_5,35
2023-11-11 12:00:00+05:30,PVG_S1,solar,C1_Pavagada,0.8954,0.0,30.0,60.998,150.0,0.25038000405444144,0.9681476403781077,0.9751493543055633,0.22154849761946724,15.0,0.0,1.2246467991473532e-16,-1.0,-0.7583058084785625,0.6518989958787125,3,77.261,cloud_ramp_5,36
2023-11-11 13:00:00+05:30,PVG_S1,solar,C1_Pavagada,0.9132,0.0,29.223542864692437,30.052,150.0,0.25038000405444144,0.9681476403781077,0.9751493543055633,0.22154849761946724,15.0,0.0,-0.2588190451025208,-0.9659258262890683,-0.7583058084785625,0.6518989958787125,3,76.042,cloud_ramp_5,37
2023-11-11 14:00:00+05:30,PVG_S1,solar,C1_Pavagada,0.8756,0.0,28.5,44.367,150.0,0.25038000405444144,0.9681476403781077,0.9751493543055633,0.22154849761946724,15.0,0.0,-0.4999999999999998,-0.8660254037844388,-0.7583058084785625,0.6518989958787125,3,64.783,cloud_ramp_5,38
2023-11-11 15:00:00+05:30,PVG_S1,solar,C1_Pavagada,0.8813,0.0,27.878679656440358,39.75,150.0,0.25038000405444144,0.9681476403781077,0.9751493543055633,0.22154849761946724,15.0,0.0,-0.7071067811865471,-0.7071067811865479,-0.7583058084785625,0.6518989958787125,3,52.04,cloud_ramp_5,39
2023-11-11 16:00:00+05:30,PVG_S1,solar,C1_Pavagada,0.887,0.0,27.401923788646684,14.834,150.0,0.25038000405444144,0.9681476403781077,0.9751493543055633,0.22154849761946724,15.0,0.0,-0.8660254037844384,-0.5000000000000004,-0.7583058084785625,0.6518989958787125,3,34.991,cloud_ramp_5,40
2023-11-11 17:00:00+05:30,PVG_S1,solar,C1_Pavagada,0.8634,0.0,27.102222521132795,10.539,150.0,0.25038000405444144,0.9681476403781077,0.9751493543055633,0.22154849761946724,15.0,0.0,-0.9659258262890683,-0.25881904510252063,-0.7583058084785625,0.6518989958787125,3,14.285,cloud_ramp_5,41
2023-11-11 18:00:00+05:30,PVG_S1,solar,C1_Pavagada,0.0,0.0,27.0,0.0,150.0,0.25038000405444144,0.9681476403781077,0.9751493543055633,0.22154849761946724,15.0,0.0,-1.0,-1.8369701987210297e-16,-0.7583058084785625,0.6518989958787125,3,0.0,cloud_ramp_5,42
2023-11-11 19:00:00+05:30,PVG_S1,solar,C1_Pavagada,0.0,0.0,27.102222521132795,0.0,150.0,0.25038000405444144,0.9681476403781077,0.9751493543055633,0.22154849761946724,15.0,0.0,-0.9659258262890684,0.2588190451025203,-0.7583058084785625,0.6518989958787125,3,0.0,cloud_ramp_5,43
2023-11-11 20:00:00+05:30,PVG_S1,solar,C1_Pavagada,0.0,0.0,27.401923788646684,0.0,150.0,0.25038000405444144,0.9681476403781077,0.9751493543055633,0.22154849761946724,15.0,0.0,-0.8660254037844386,0.5000000000000001,-0.7583058084785625,0.6518989958787125,3,0.0,cloud_ramp_5,44
2023-11-11 21:00:00+05:30,PVG_S1,solar,C1_Pavagada,0.0,0.0,27.878679656440358,0.0,150.0,0.25038000405444144,0.9681476403781077,0.9751493543055633,0.22154849761946724,15.0,0.0,-0.7071067811865477,0.7071067811865474,-0.7583058084785625,0.6518989958787125,3,0.0,cloud_ramp_5,45
2023-11-11 22:00:00+05:30,PVG_S1,solar,C1_Pavagada,0.0,0.0,28.5,0.0,150.0,0.25038000405444144,0.9681476403781077,0.9751493543055633,0.22154849761946724,15.0,0.0,-0.5000000000000004,0.8660254037844384,-0.7583058084785625,0.6518989958787125,3,0.0,cloud_ramp_5,46
2023-11-11 23:00:00+05:30,PVG_S1,solar,C1_Pavagada,0.0,0.0,29.223542864692437,0.0,150.0,0.25038000405444144,0.9681476403781077,0.9751493543055633,0.22154849761946724,15.0,0.0,-0.25881904510252157,0.9659258262890681,-0.7583058084785625,0.6518989958787125,3,0.0,cloud_ramp_5,47
