timestamp,plant_id,plant_type,cluster_id,CMF,power_curve_fraction,temperature,nwp_spread,capacity_mw,lat_sin,lat_cos,lon_sin,lon_cos,tilt_angle_deg,hub_height_m,hour_sin,hour_cos,doy_sin,doy_cos,season,actual_generation_mw,wind_speed_ms,event_id,hour_in_event
2023-01-20 00:00:00+05:30,GAD_W1,wind,C2_Gadag,0.0,0.3382,26.0,1.153,100.0,0.2655561174868088,0.9640954042341101,0.9685831611286311,0.24868988716485496,0.0,100.0,0.0,1.0,0.3375228995941133,0.9413173175128471,0,20.288,8.29,wind_spike_1,0
2023-01-20 01:00:00+05:30,GAD_W1,wind,C2_Gadag,0.0,0.2277,26.0,1.204,100.0,0.2655561174868088,0.9640954042341101,0.9685831611286311,0.24868988716485496,0.0,100.0,0.25881904510252074,0.9659258262890683,0.3375228995941133,0.9413173175128471,0,11.121,7.33,wind_spike_1,1
2023-01-20 02:00:00+05:30,GAD_W1,wind,C2_Gadag,0.0,0.3336,26.0,0.894,100.0,0.2655561174868088,0.9640954042341101,0.9685831611286311,0.24868988716485496,0.0,100.0,0.49999999999999994,0.8660254037844387,0.3375228995941133,0.9413173175128471,0,19.88,8.25,wind_spike_1,2
2023-01-20 03:00:00+05:30,GAD_W1,wind,C2_Gadag,0.0,0.3721,26.0,0.854,100.0,0.2655561174868088,0.9640954042341101,0.9685831611286311,0.24868988716485496,0.0,100.0,0.7071067811865475,0.7071067811865476,0.3375228995941133,0.9413173175128471,0,23.469,8.55,wind_spike_1,3
2023-01-20 04:00:00+05:30,GAD_W1,wind,C2_Gadag,0.0,0.4258,26.0,1.3,100.0,0.2655561174868088,0.9640954042341101,0.9685831611286311,0.24868988716485496,0.0,100.0,0.8660254037844386,0.5000000000000001,0.3375228995941133,0.9413173175128471,0,29.153,8.97,wind_spike_1,4
2023-01-20 05:00:00+05:30,GAD_W1,wind,C2_Gadag,0.0,0.3913,26.0,1.002,100.0,0.2655561174868088,0.9640954042341101,0.9685831611286311,0.24868988716485496,0.0,100.0,0.9659258262890683,0.25881904510252074,0.3375228995941133,0.9413173175128471,0,25.406,8.7,wind_spike_1,5
2023-01-20 06:00:00+05:30,GAD_W1,wind,C2_Gadag,0.0,0.3367,26.0,1.252,100.0,0.2655561174868088,0.9640954042341101,0.9685831611286311,0.24868988716485496,0.0,100.0,1.0,6.123233995736766e-17,0.3375228995941133,0.9413173175128471,0,20.159,8.28,wind_spike_1,6
2023-01-20 07:00:00+05:30,GAD_W1,wind,C2_Gadag,0.0,0.2168,26.0,1.629,100.0,0.2655561174868088,0.9640954042341101,0.9685831611286311,0.24868988716485496,0.0,100.0,0.9659258262890683,-0.25881904510252063,0.3375228995941133,0.9413173175128471,0,10.366,7.23,wind_spike_1,7
2023-01-20 08:00:00+05:30,GAD_W1,wind,C2_Gadag,0.0,0.3095,26.0,1.075,100.0,0.2655561174868088,0.9640954042341101,0.9685831611286311,0.24868988716485496,0.0,100.0,0.8660254037844387,-0.49999999999999983,0.3375228995941133,0.9413173175128471,0,17.836,8.07,wind_spike_1,8
2023-01-20 09:00:00+05:30,GAD_W1,wind,C2_Gadag,0.0,0.2687,26.0,1.225,100.0,0.2655561174868088,0.9640954042341101,0.9685831611286311,0.24868988716485496,0.0,100.0,0.7071067811865476,-0.7071067811865475,0.3375228995941133,0.9413173175128471,0,14.276,7.7,wind_spike_1,9
2023-01-20 10:00:00+05:30,GAD_W1,wind,C2_Gadag,0.0,0.3162,26.0,0.678,100.0,0.2655561174868088,0.9640954042341101,0.9685831611286311,0.24868988716485496,0.0,100.0,0.49999999999999994,-0.8660254037844387,0.3375228995941133,0.9413173175128471,0,18.384,8.12,wind_spike_1,10
2023-01-20 11:00:00+05:30,GAD_W1,wind,C2_Gadag,0.0,0.2347,26.0,1.31,100.0,0.2655561174868088,0.9640954042341101,0.9685831611286311,0.24868988716485496,0.0,100.0,0.258819045102521,-0.9659258262890682,0.3375228995941133,0.9413173175128471,0,11.62,7.39,wind_spike_1,11
2023-01-20 12:00:00+05:30,GAD_W1,wind,C2_Gadag,0.0,0.2895,26.0,0.957,100.0,0.2655561174868088,0.9640954042341101,0.9685831611286311,0.24868988716485496,0.0,100.0,1.2246467991473532e-16,-1.0,0.3375228995941133,0.9413173175128471,0,16.088,7.89,wind_spike_1,12
2023-01-20 13:00:00+05:30,GAD_W1,wind,C2_Gadag,0.0,0.2728,26.0,1.231,100.0,0.2655561174868088,0.9640954042341101,0.9685831611286311,0.24868988716485496,0.0,100.0,-0.2588190451025208,-0.9659258262890683,0.3375228995941133,0.9413173175128471,0,14.622,7.74,wind_spike_1,13
2023-01-20 14:00:00+05:30,GAD_W1,wind,C2_Gadag,0.0,0.2711,26.0,1.598,100.0,0.2655561174868088,0.9640954042341101,0.9685831611286311,0.24868988716485496,0.0,100.0,-0.4999999999999998,-0.8660254037844388,0.3375228995941133,0.9413173175128471,0,14.479,7.73,wind_spike_1,14
2023-01-20 15:00:00+05:30,GAD_W1,wind,C2_Gadag,0.0,0.2717,26.0,0.849,100.0,0.2655561174868088,0.9640954042341101,0.9685831611286311,0.24868988716485496,0.0,100.0,-0.7071067811865471,-0.7071067811865479,0.3375228995941133,0.9413173175128471,0,14.524,7.73,wind_spike_1,15
2023-01-20 16:00:00+05:30,GAD_W1,wind,C2_Gadag,0.0,0.2936,26.0,0.806,100.0,0.2655561174868088,0.9640954042341101,0.9685831611286311,0.24868988716485496,0.0,100.0,-0.8660254037844384,-0.5000000000000004,0.3375228995941133,0.9413173175128471,0,16.457,7.93,wind_spike_1,16
2023-01-20 17:00:00+05:30,GAD_W1,wind,C2_Gadag,0.0,0.3195,26.0,0.857,100.0,0.2655561174868088,0.9640954042341101,0.9685831611286311,0.24868988716485496,0.0,100.0,-0.9659258262890683,-0.25881904510252063,0.3375228995941133,0.9413173175128471,0,18.662,8.14,wind_spike_1,17
2023-01-20 18:00:00+05:30,GAD_W1,wind,C2_Gadag,0.0,0.1723,26.0,0.97,100.0,0.2655561174868088,0.9640954042341101,0.9685831611286311,0.24868988716485496,0.0,100.0,-1.0,-1.8369701987210297e-16,0.3375228995941133,0.9413173175128471,0,7.238,6.75,wind_spike_1,18
2023-01-20 19:00:00+05:30,GAD_W1,wind,C2_Gadag,0.0,0.1771,26.0,1.147,100.0,0.2655561174868088,0.9640954042341101,0.9685831611286311,0.24868988716485496,0.0,100.0,-0.9659258262890684,0.2588190451025203,0.3375228995941133,0.9413173175128471,0,7.597,6.81,wind_spike_1,19
2023-01-20 20:00:00+05:30,GAD_W1,wind,C2_Gadag,0.0,0.2825,26.0,0.939,100.0,0.2655561174868088,0.9640954042341101,0.9685831611286311,0.24868988716485496,0.0,100.0,-0.8660254037844386,0.5000000000000001,0.3375228995941133,0.9413173175128471,0,15.463,7.83,wind_spike_1,20
2023-01-20 21:00:00+05:30,GAD_W1,wind,C2_Gadag,0.0,0.2902,26.0,1.261,100.0,0.2655561174868088,0.9640954042341101,0.9685831611286311,0.24868988716485496,0.0,100.0,-0.7071067811865477,0.7071067811865474,0.3375228995941133,0.9413173175128471,0,16.149,7.9,wind_spike_1,21
2023-01-20 22:00:00+05:30,GAD_W1,wind,C2_Gadag,0.0,0.3132,26.0,1.337,100.0,0.2655561174868088,0.9640954042341101,0.9685831611286311,0.24868988716485496,0.0,100.0,-0.5000000000000004,0.8660254037844384,0.3375228995941133,0.9413173175128471,0,18.138,8.09,wind_spike_1,22
2023-01-20 23:00:00+05:30,GAD_W1,wind,C2_Gadag,0.0,0.2613,26.0,0.889,100.0,0.2655561174868088,0.9640954042341101,0.9685831611286311,0.24868988716485496,0.0,100.0,-0.25881904510252157,0.9659258262890681,0.3375228995941133,0.9413173175128471,0,13.669,7.64,wind_spike_1,23
2023-01-21 00:00:00+05:30,GAD_W1,wind,C2_Gadag,0.0,0.856,26.0,2.669,100.0,0.2655561174868088,0.9640954042341101,0.9685831611286311,0.24868988716485496,0.0,100.0,0.0,1.0,0.3536761221763716,0.9353679493131483,0,100.0,12.0,wind_spike_1,24
2023-01-21 01:00:00+05:30,GAD_W1,wind,C2_Gadag,0.0,1.0,26.0,3.685,100.0,0.2655561174868088,0.9640954042341101,0.9685831611286311,0.24868988716485496,0.0,100.0,0.25881904510252074,0.9659258262890683,0.3536761221763716,0.9353679493131483,0,100.0,18.0,wind_spike_1,25
2023-01-21 02:00:00+05:30,GAD_W1,wind,C2_Gadag,0.0,1.0,26.0,4.442,100.0,0.2655561174868088,0.9640954042341101,0.9685831611286311,0.24868988716485496,0.0,100.0,0.49999999999999994,0.8660254037844387,0.3536761221763716,0.9353679493131483,0,100.0,22.0,wind_spike_1,26
2023-01-21 03:00:00+05:30,GAD_W1,wind,C2_Gadag,0.0,1.0,26.0,7.201,100.0,0.2655561174868088,0.9640954042341101,0.9685831611286311,0.24868988716485496,0.0,100.0,0.7071067811865475,0.7071067811865476,0.3536761221763716,0.9353679493131483,0,100.0,23.0,wind_spike_1,27
2023-01-21 04:00:00+05:30,GAD_W1,wind,C2_Gadag,0.0,1.0,26.0,4.371,100.0,0.2655561174868088,0.9640954042341101,0.9685831611286311,0.24868988716485496,0.0,100.0,0.8660254037844386,0.5000000000000001,0.3536761221763716,0.9353679493131483,0,100.0,23.06,wind_spike_1,28
2023-01-21 05:00:00+05:30,GAD_W1,wind,C2_Gadag,0.0,1.0,26.0,4.995,100.0,0.2655561174868088,0.9640954042341101,0.9685831611286311,0.24868988716485496,0.0,100.0,0.9659258262890683,0.25881904510252074,0.3536761221763716,0.9353679493131483,0,100.0,22.63,wind_spike_1,29
2023-01-21 06:00:00+05:30,GAD_W1,wind,C2_Gadag,0.0,0.0,26.0,5.79,100.0,0.2655561174868088,0.9640954042341101,0.9685831611286311,0.24868988716485496,0.0,100.0,1.0,6.123233995736766e-17,0.3536761221763716,0.9353679493131483,0,0.0,26.5,wind_spike_1,30
2023-01-21 07:00:00+05:30,GAD_W1,wind,C2_Gadag,0.0,0.0,26.0,5.611,100.0,0.2655561174868088,0.9640954042341101,0.9685831611286311,0.24868988716485496,0.0,100.0,0.9659258262890683,-0.25881904510252063,0.3536761221763716,0.9353679493131483,0,0.0,27.0,wind_spike_1,31
2023-01-21 08:00:00+05:30,GAD_W1,wind,C2_Gadag,0.0,1.0,26.0,4.729,100.0,0.2655561174868088,0.9640954042341101,0.9685831611286311,0.24868988716485496,0.0,100.0,0.8660254037844387,-0.49999999999999983,0.3536761221763716,0.9353679493131483,0,100.0,24.5,wind_spike_1,32
2023-01-21 09:00:00+05:30,GAD_W1,wind,C2_Gadag,0.0,1.0,26.0,3.091,100.0,0.2655561174868088,0.9640954042341101,0.9685831611286311,0.24868988716485496,0.0,100.0,0.7071067811865476,-0.7071067811865475,0.3536761221763716,0.9353679493131483,0,100.0,20.0,wind_spike_1,33
2023-01-21 10:00:00+05:30,GAD_W1,wind,C2_Gadag,0.0,0.995,26.0,2.703,100.0,0.2655561174868088,0.9640954042341101,0.9685831611286311,0.24868988716485496,0.0,100.0,0.49999999999999994,-0.8660254037844387,0.3536761221763716,0.9353679493131483,0,100.0,15.0,wind_spike_1,34
2023-01-21 11:00:00+05:30,GAD_W1,wind,C2_Gadag,0.0,0.5459,26.0,3.9,100.0,0.2655561174868088,0.9640954042341101,0.9685831611286311,0.24868988716485496,0.0,100.0,0.258819045102521,-0.9659258262890682,0.3536761221763716,0.9353679493131483,0,43.337,9.81,wind_spike_1,35
2023-01-21 12:00:00+05:30,GAD_W1,wind,C2_Gadag,0.0,0.4502,26.0,4.357,100.0,0.2655561174868088,0.9640954042341101,0.9685831611286311,0.24868988716485496,0.0,100.0,1.2246467991473532e-16,-1.0,0.3536761221763716,0.9353679493131483,0,31.777,9.14,wind_spike_1,36
2023-01-21 13:00:00+05:30,GAD_W1,wind,C2_Gadag,0.0,0.4926,26.0,4.175,100.0,0.2655561174868088,0.9640954042341101,0.9685831611286311,0.24868988716485496,0.0,100.0,-0.2588190451025208,-0.9659258262890683,0.3536761221763716,0.9353679493131483,0,36.596,9.44,wind_spike_1,37
2023-01-21 14:00:00+05:30,GAD_W1,wind,C2_Gadag,0.0,0.4379,26.0,4.139,100.0,0.2655561174868088,0.9640954042341101,0.9685831611286311,0.24868988716485496,0.0,100.0,-0.4999999999999998,-0.8660254037844388,0.3536761221763716,0.9353679493131483,0,30.453,9.06,wind_spike_1,38
2023-01-21 15:00:00+05:30,GAD_W1,wind,C2_Gadag,0.0,0.6727,26.0,3.71,100.0,0.2655561174868088,0.9640954042341101,0.9685831611286311,0.24868988716485496,0.0,100.0,-0.7071067811865471,-0.7071067811865479,0.3536761221763716,0.9353679493131483,0,62.209,10.68,wind_spike_1,39
2023-01-21 16:00:00+05:30,GAD_W1,wind,C2_Gadag,0.0,0.4982,26.0,2.292,100.0,0.2655561174868088,0.9640954042341101,0.9685831611286311,0.24868988716485496,0.0,100.0,-0.8660254037844384,-0.5000000000000004,0.3536761221763716,0.9353679493131483,0,37.275,9.48,wind_spike_1,40
2023-01-21 17:00:00+05:30,GAD_W1,wind,C2_Gadag,0.0,0.3796,26.0,1.671,100.0,0.2655561174868088,0.9640954042341101,0.9685831611286311,0.24868988716485496,0.0,100.0,-0.9659258262890683,-0.25881904510252063,0.3536761221763716,0.9353679493131483,0,24.214,8.61,wind_spike_1,41
2023-01-21 18:00:00+05:30,GAD_W1,wind,C2_Gadag,0.0,0.5239,26.0,0.973,100.0,0.2655561174868088,0.9640954042341101,0.9685831611286311,0.24868988716485496,0.0,100.0,-1.0,-1.8369701987210297e-16,0.3536761221763716,0.9353679493131483,0,40.464,9.66,wind_spike_1,42
2023-01-21 19:00:00+05:30,GAD_W1,wind,C2_Gadag,0.0,0.2672,26.0,1.03,100.0,0.2655561174868088,0.9640954042341101,0.9685831611286311,0.24868988716485496,0.0,100.0,-0.9659258262890684,0.2588190451025203,0.3536761221763716,0.9353679493131483,0,14.15,7.69,wind_spike_1,43
2023-01-21 20:00:00+05:30,GAD_W1,wind,C2_Gadag,0.0,0.4437,26.0,1.351,100.0,0.2655561174868088,0.9640954042341101,0.9685831611286311,0.24868988716485496,0.0,100.0,-0.8660254037844386,0.5000000000000001,0.3536761221763716,0.9353679493131483,0,31.07,9.1,wind_spike_1,44
2023-01-21 21:00:00+05:30,GAD_W1,wind,C2_Gadag,0.0,0.4665,26.0,1.09,100.0,0.2655561174868088,0.9640954042341101,0.9685831611286311,0.24868988716485496,0.0,100.0,-0.7071067811865477,0.7071067811865474,0.3536761221763716,0.9353679493131483,0,33.576,9.26,wind_spike_1,45
2023-01-21 22:00:00+05:30,GAD_W1,wind,C2_Gadag,0.0,0.445,26.0,0.766,100.0,0.2655561174868088,0.9640954042341101,0.9685831611286311,0.24868988716485496,0.0,100.0,-0.5000000000000004,0.8660254037844384,0.3536761221763716,0.9353679493131483,0,31.21,9.1,wind_spike_1,46
2023-01-21 23:00:00+05:30,GAD_W1,wind,C2_Gadag,0.0,0.3956,26.0,1.092,100.0,0.2655561174868088,0.9640954042341101,0.9685831611286311,0.24868988716485496,0.0,100.0,-0.25881904510252157,0.9659258262890681,0.3536761221763716,0.9353679493131483,0,25.847,8.73,wind_spike_1,47
2023-01-22 00:00:00+05:30,GAD_W1,wind,C2_Gadag,0.0,0.3003,26.0,1.472,100.0,0.2655561174868088,0.9640954042341101,0.9685831611286311,0.24868988716485496,0.0,100.0,0.0,1.0,0.3697245428906731,0.9291414114031743,0,17.084,7.99,wind_spike_1,48
2023-01-22 01:00:00+05:30,GAD_W1,wind,C2_Gadag,0.0,0.3146,26.0,0.794,100.0,0.2655561174868088,0.9640954042341101,0.9685831611286311,0.24868988716485496,0.0,100.0,0.25881904510252074,0.9659258262890683,0.3697245428906731,0.9291414114031743,0,18.253,8.11,wind_spike_1,49
2023-01-22 02:00:00+05:30,GAD_W1,wind,C2_Gadag,0.0,0.3721,26.0,1.059,100.0,0.2655561174868088,0.9640954042341101,0.9685831611286311,0.24868988716485496,0.0,100.0,0.49999999999999994,0.8660254037844387,0.3697245428906731,0.9291414114031743,0,23.464,8.55,wind_spike_1,50
2023-01-22 03:00:00+05:30,GAD_W1,wind,C2_Gadag,0.0,0.2948,26.0,1.117,100.0,0.2655561174868088,0.9640954042341101,0.9685831611286311,0.24868988716485496,0.0,100.0,0.7071067811865475,0.7071067811865476,0.3697245428906731,0.9291414114031743,0,16.569,7.94,wind_spike_1,51
2023-01-22 04:00:00+05:30,GAD_W1,wind,C2_Gadag,0.0,0.4851,26.0,1.53,100.0,0.2655561174868088,0.9640954042341101,0.9685831611286311,0.24868988716485496,0.0,100.0,0.8660254037844386,0.5000000000000001,0.3697245428906731,0.9291414114031743,0,35.709,9.39,wind_spike_1,52
2023-01-22 05:00:00+05:30,GAD_W1,wind,C2_Gadag,0.0,0.2116,26.0,1.606,100.0,0.2655561174868088,0.9640954042341101,0.9685831611286311,0.24868988716485496,0.0,100.0,0.9659258262890683,0.25881904510252074,0.3697245428906731,0.9291414114031743,0,10.015,7.18,wind_spike_1,53
2023-01-22 06:00:00+05:30,GAD_W1,wind,C2_Gadag,0.0,0.3446,26.0,1.397,100.0,0.2655561174868088,0.9640954042341101,0.9685831611286311,0.24868988716485496,0.0,100.0,1.0,6.123233995736766e-17,0.3697245428906731,0.9291414114031743,0,20.868,8.34,wind_spike_1,54
2023-01-22 07:00:00+05:30,GAD_W1,wind,C2_Gadag,0.0,0.3726,26.0,0.6,100.0,0.2655561174868088,0.9640954042341101,0.9685831611286311,0.24868988716485496,0.0,100.0,0.9659258262890683,-0.25881904510252063,0.3697245428906731,0.9291414114031743,0,23.516,8.56,wind_spike_1,55
2023-01-22 08:00:00+05:30,GAD_W1,wind,C2_Gadag,0.0,0.3982,26.0,1.205,100.0,0.2655561174868088,0.9640954042341101,0.9685831611286311,0.24868988716485496,0.0,100.0,0.8660254037844387,-0.49999999999999983,0.3697245428906731,0.9291414114031743,0,26.129,8.75,wind_spike_1,56
2023-01-22 09:00:00+05:30,GAD_W1,wind,C2_Gadag,0.0,0.3064,26.0,1.288,100.0,0.2655561174868088,0.9640954042341101,0.9685831611286311,0.24868988716485496,0.0,100.0,0.7071067811865476,-0.7071067811865475,0.3697245428906731,0.9291414114031743,0,17.583,8.04,wind_spike_1,57
2023-01-22 10:00:00+05:30,GAD_W1,wind,C2_Gadag,0.0,0.4396,26.0,1.285,100.0,0.2655561174868088,0.9640954042341101,0.9685831611286311,0.24868988716485496,0.0,100.0,0.49999999999999994,-0.8660254037844387,0.3697245428906731,0.9291414114031743,0,30.636,9.07,wind_spike_1,58
2023-01-22 11:00:00+05:30,GAD_W1,wind,C2_Gadag,0.0,0.2795,26.0,1.43,100.0,0.2655561174868088,0.9640954042341101,0.9685831611286311,0.24868988716485496,0.0,100.0,0.258819045102521,-0.9659258262890682,0.3697245428906731,0.9291414114031743,0,15.2,7.8,wind_spike_1,59
2023-01-22 12:00:00+05:30,GAD_W1,wind,C2_Gadag,0.0,0.329,26.0,0.693,100.0,0.2655561174868088,0.9640954042341101,0.9685831611286311,0.24868988716485496,0.0,100.0,1.2246467991473532e-16,-1.0,0.3697245428906731,0.9291414114031743,0,19.477,8.22,wind_spike_1,60
2023-01-22 13:00:00+05:30,GAD_W1,wind,C2_Gadag,0.0,0.4055,26.0,0.807,100.0,0.2655561174868088,0.9640954042341101,0.9685831611286311,0.24868988716485496,0.0,100.0,-0.2588190451025208,-0.9659258262890683,0.3697245428906731,0.9291414114031743,0,26.908,8.81,wind_spike_1,61
2023-01-22 14:00:00+05:30,GAD_W1,wind,C2_Gadag,0.0,0.4329,26.0,1.315,100.0,0.2655561174868088,0.9640954042341101,0.9685831611286311,0.24868988716485496,0.0,100.0,-0.4999999999999998,-0.8660254037844388,0.3697245428906731,0.9291414114031743,0,29.928,9.02,wind_spike_1,62
2023-01-22 15:00:00+05:30,GAD_W1,wind,C2_Gadag,0.0,0.279,26.0,0.963,100.0,0.2655561174868088,0.9640954042341101,0.9685831611286311,0.24868988716485496,0.0,100.0,-0.7071067811865471,-0.7071067811865479,0.3697245428906731,0.9291414114031743,0,15.151,7.8,wind_spike_1,63
2023-01-22 16:00:00+05:30,GAD_W1,wind,C2_Gadag,0.0,0.5476,26.0,1.617,100.0,0.2655561174868088,0.9640954042341101,0.9685831611286311,0.24868988716485496,0.0,100.0,-0.8660254037844384,-0.5000000000000004,0.3697245428906731,0.9291414114031743,0,43.562,9.82,wind_spike_1,64
2023-01-22 17:00:00+05:30,GAD_W1,wind,C2_Gadag,0.0,0.3076,26.0,1.145,100.0,0.2655561174868088,0.9640954042341101,0.9685831611286311,0.24868988716485496,0.0,100.0,-0.9659258262890683,-0.25881904510252063,0.3697245428906731,0.9291414114031743,0,17.68,8.05,wind_spike_1,65
2023-01-22 18:00:00+05:30,GAD_W1,wind,C2_Gadag,0.0,0.284,26.0,1.145,100.0,0.2655561174868088,0.9640954042341101,0.9685831611286311,0.24868988716485496,0.0,100.0,-1.0,-1.8369701987210297e-16,0.3697245428906731,0.9291414114031743,0,15.591,7.84,wind_spike_1,66
2023-01-22 19:00:00+05:30,GAD_W1,wind,C2_Gadag,0.0,0.3979,26.0,1.686,100.0,0.2655561174868088,0.9640954042341101,0.9685831611286311,0.24868988716485496,0.0,100.0,-0.9659258262890684,0.2588190451025203,0.3697245428906731,0.9291414114031743,0,26.097,8.75,wind_spike_1,67
2023-01-22 20:00:00+05:30,GAD_W1,wind,C2_Gadag,0.0,0.343,26.0,1.076,100.0,0.2655561174868088,0.9640954042341101,0.9685831611286311,0.24868988716485496,0.0,100.0,-0.8660254037844386,0.5000000000000001,0.3697245428906731,0.9291414114031743,0,20.722,8.33,wind_spike_1,68
2023-01-22 21:00:00+05:30,GAD_W1,wind,C2_Gadag,0.0,0.3335,26.0,1.004,100.0,0.2655561174868088,0.9640954042341101,0.9685831611286311,0.24868988716485496,0.0,100.0,-0.7071067811865477,0.7071067811865474,0.3697245428906731,0.9291414114031743,0,19.872,8.25,wind_spike_1,69
2023-01-22 22:00:00+05:30,GAD_W1,wind,C2_Gadag,0.0,0.4039,26.0,1.108,100.0,0.2655561174868088,0.9640954042341101,0.9685831611286311,0.24868988716485496,0.0,100.0,-0.5000000000000004,0.8660254037844384,0.3697245428906731,0.9291414114031743,0,26.734,8.8,wind_spike_1,70
2023-01-22 23:00:00+05:30,GAD_W1,wind,C2_Gadag,0.0,0.2723,26.0,0.985,100.0,0.2655561174868088,0.9640954042341101,0.9685831611286311,0.24868988716485496,0.0,100.0,-0.25881904510252157,0.9659258262890681,0.3697245428906731,0.9291414114031743,0,14.575,7.74,wind_spike_1,71
2023-04-15 00:00:00+05:30,GAD_W1,wind,C2_Gadag,0.0,0.2674,26.0,0.73,100.0,0.2655561174868088,0.9640954042341101,0.9685831611286311,0.24868988716485496,0.0,100.0,0.0,1.0,0.9721181966290613,-0.23449138957040985,1,14.165,7.69,wind_spike_2,0
2023-04-15 01:00:00+05:30,GAD_W1,wind,C2_Gadag,0.0,0.4029,26.0,0.923,100.0,0.2655561174868088,0.9640954042341101,0.9685831611286311,0.24868988716485496,0.0,100.0,0.25881904510252074,0.9659258262890683,0.9721181966290613,-0.23449138957040985,1,26.622,8.79,wind_spike_2,1
2023-04-15 02:00:00+05:30,GAD_W1,wind,C2_Gadag,0.0,0.3649,26.0,0.819,100.0,0.2655561174868088,0.9640954042341101,0.9685831611286311,0.24868988716485496,0.0,100.0,0.49999999999999994,0.8660254037844387,0.9721181966290613,-0.23449138957040985,1,22.764,8.5,wind_spike_2,2
2023-04-15 03:00:00+05:30,GAD_W1,wind,C2_Gadag,0.0,0.3153,26.0,1.202,100.0,0.2655561174868088,0.9640954042341101,0.9685831611286311,0.24868988716485496,0.0,100.0,0.7071067811865475,0.7071067811865476,0.9721181966290613,-0.23449138957040985,1,18.309,8.11,wind_spike_2,3
2023-04-15 04:00:00+05:30,GAD_W1,wind,C2_Gadag,0.0,0.3617,26.0,0.985,100.0,0.2655561174868088,0.9640954042341101,0.9685831611286311,0.24868988716485496,0.0,100.0,0.8660254037844386,0.5000000000000001,0.9721181966290613,-0.23449138957040985,1,22.462,8.47,wind_spike_2,4
2023-04-15 05:00:00+05:30,GAD_W1,wind,C2_Gadag,0.0,0.3227,26.0,1.0,100.0,0.2655561174868088,0.9640954042341101,0.9685831611286311,0.24868988716485496,0.0,100.0,0.9659258262890683,0.25881904510252074,0.9721181966290613,-0.23449138957040985,1,18.937,8.17,wind_spike_2,5
2023-04-15 06:00:00+05:30,GAD_W1,wind,C2_Gadag,0.0,0.2023,26.0,0.744,100.0,0.2655561174868088,0.9640954042341101,0.9685831611286311,0.24868988716485496,0.0,100.0,1.0,6.123233995736766e-17,0.9721181966290613,-0.23449138957040985,1,9.415,7.09,wind_spike_2,6
2023-04-15 07:00:00+05:30,GAD_W1,wind,C2_Gadag,0.0,0.3617,26.0,1.38,100.0,0.2655561174868088,0.9640954042341101,0.9685831611286311,0.24868988716485496,0.0,100.0,0.9659258262890683,-0.25881904510252063,0.9721181966290613,-0.23449138957040985,1,22.46,8.47,wind_spike_2,7
2023-04-15 08:00:00+05:30,GAD_W1,wind,C2_Gadag,0.0,0.3462,26.0,0.923,100.0,0.2655561174868088,0.9640954042341101,0.9685831611286311,0.24868988716485496,0.0,100.0,0.8660254037844387,-0.49999999999999983,0.9721181966290613,-0.23449138957040985,1,21.008,8.35,wind_spike_2,8
2023-04-15 09:00:00+05:30,GAD_W1,wind,C2_Gadag,0.0,0.2414,26.0,1.095,100.0,0.2655561174868088,0.9640954042341101,0.9685831611286311,0.24868988716485496,0.0,100.0,0.7071067811865476,-0.7071067811865475,0.9721181966290613,-0.23449138957040985,1,12.114,7.45,wind_spike_2,9
2023-04-15 10:00:00+05:30,GAD_W1,wind,C2_Gadag,0.0,0.3389,26.0,1.137,100.0,0.2655561174868088,0.9640954042341101,0.9685831611286311,0.24868988716485496,0.0,100.0,0.49999999999999994,-0.8660254037844387,0.9721181966290613,-0.23449138957040985,1,20.348,8.29,wind_spike_2,10
2023-04-15 11:00:00+05:30,GAD_W1,wind,C2_Gadag,0.0,0.2554,26.0,1.302,100.0,0.2655561174868088,0.9640954042341101,0.9685831611286311,0.24868988716485496,0.0,100.0,0.258819045102521,-0.9659258262890682,0.9721181966290613,-0.23449138957040985,1,13.191,7.58,wind_spike_2,11
2023-04-15 12:00:00+05:30,GAD_W1,wind,C2_Gadag,0.0,0.2777,26.0,1.574,100.0,0.2655561174868088,0.9640954042341101,0.9685831611286311,0.24868988716485496,0.0,100.0,1.2246467991473532e-16,-1.0,0.9721181966290613,-0.23449138957040985,1,15.044,7.79,wind_spike_2,12
2023-04-15 13:00:00+05:30,GAD_W1,wind,C2_Gadag,0.0,0.3108,26.0,1.288,100.0,0.2655561174868088,0.9640954042341101,0.9685831611286311,0.24868988716485496,0.0,100.0,-0.2588190451025208,-0.9659258262890683,0.9721181966290613,-0.23449138957040985,1,17.938,8.08,wind_spike_2,13
2023-04-15 14:00:00+05:30,GAD_W1,wind,C2_Gadag,0.0,0.3074,26.0,1.218,100.0,0.2655561174868088,0.9640954042341101,0.9685831611286311,0.24868988716485496,0.0,100.0,-0.4999999999999998,-0.8660254037844388,0.9721181966290613,-0.23449138957040985,1,17.666,8.05,wind_spike_2,14
2023-04-15 15:00:00+05:30,GAD_W1,wind,C2_Gadag,0.0,0.2965,26.0,0.701,100.0,0.2655561174868088,0.9640954042341101,0.9685831611286311,0.24868988716485496,0.0,100.0,-0.7071067811865471,-0.7071067811865479,0.9721181966290613,-0.23449138957040985,1,16.729,7.96,wind_spike_2,15
2023-04-15 16:00:00+05:30,GAD_W1,wind,C2_Gadag,0.0,0.2126,26.0,1.447,100.0,0.2655561174868088,0.9640954042341101,0.9685831611286311,0.24868988716485496,0.0,100.0,-0.8660254037844384,-0.5000000000000004,0.9721181966290613,-0.23449138957040985,1,10.083,7.19,wind_spike_2,16
2023-04-15 17:00:00+05:30,GAD_W1,wind,C2_Gadag,0.0,0.304,26.0,1.042,100.0,0.2655561174868088,0.9640954042341101,0.9685831611286311,0.24868988716485496,0.0,100.0,-0.9659258262890683,-0.25881904510252063,0.9721181966290613,-0.23449138957040985,1,17.385,8.02,wind_spike_2,17
2023-04-15 18:00:00+05:30,GAD_W1,wind,C2_Gadag,0.0,0.4089,26.0,1.31,100.0,0.2655561174868088,0.9640954042341101,0.9685831611286311,0.24868988716485496,0.0,100.0,-1.0,-1.8369701987210297e-16,0.9721181966290613,-0.23449138957040985,1,27.27,8.84,wind_spike_2,18
2023-04-15 19:00:00+05:30,GAD_W1,wind,C2_Gadag,0.0,0.3184,26.0,1.099,100.0,0.2655561174868088,0.9640954042341101,0.9685831611286311,0.24868988716485496,0.0,100.0,-0.9659258262890684,0.2588190451025203,0.9721181966290613,-0.23449138957040985,1,18.576,8.14,wind_spike_2,19
2023-04-15 20:00:00+05:30,GAD_W1,wind,C2_Gadag,0.0,0.2912,26.0,1.03,100.0,0.2655561174868088,0.9640954042341101,0.9685831611286311,0.24868988716485496,0.0,100.0,-0.8660254037844386,0.5000000000000001,0.9721181966290613,-0.23449138957040985,1,16.243,7.91,wind_spike_2,20
2023-04-15 21:00:00+05:30,GAD_W1,wind,C2_Gadag,0.0,0.3456,26.0,0.983,100.0,0.2655561174868088,0.9640954042341101,0.9685831611286311,0.24868988716485496,0.0,100.0,-0.7071067811865477,0.7071067811865474,0.9721181966290613,-0.23449138957040985,1,20.951,8.35,wind_spike_2,21
2023-04-15 22:00:00+05:30,GAD_W1,wind,C2_Gadag,0.0,0.3107,26.0,1.382,100.0,0.2655561174868088,0.9640954042341101,0.9685831611286311,0.24868988716485496,0.0,100.0,-0.5000000000000004,0.8660254037844384,0.9721181966290613,-0.23449138957040985,1,17.929,8.07,wind_spike_2,22
2023-04-15 23:00:00+05:30,GAD_W1,wind,C2_Gadag,0.0,0.278,26.0,0.728,100.0,0.2655561174868088,0.9640954042341101,0.9685831611286311,0.24868988716485496,0.0,100.0,-0.25881904510252157,0.9659258262890681,0.9721181966290613,-0.23449138957040985,1,15.069,7.79,wind_spike_2,23
2023-04-16 00:00:00+05:30,GAD_W1,wind,C2_Gadag,0.0,0.856,26.0,2.552,100.0,0.2655561174868088,0.9640954042341101,0.9685831611286311,0.24868988716485496,0.0,100.0,0.0,1.0,0.9679377830240642,-0.25119006388481935,1,100.0,12.0,wind_spike_2,24
2023-04-16 01:00:00+05:30,GAD_W1,wind,C2_Gadag,0.0,1.0,26.0,2.984,100.0,0.2655561174868088,0.9640954042341101,0.9685831611286311,0.24868988716485496,0.0,100.0,0.25881904510252074,0.9659258262890683,0.9679377830240642,-0.25119006388481935,1,100.0,18.0,wind_spike_2,25
2023-04-16 02:00:00+05:30,GAD_W1,wind,C2_Gadag,0.0,1.0,26.0,6.389,100.0,0.2655561174868088,0.9640954042341101,0.9685831611286311,0.24868988716485496,0.0,100.0,0.49999999999999994,0.8660254037844387,0.9679377830240642,-0.25119006388481935,1,100.0,22.0,wind_spike_2,26
2023-04-16 03:00:00+05:30,GAD_W1,wind,C2_Gadag,0.0,1.0,26.0,7.516,100.0,0.2655561174868088,0.9640954042341101,0.9685831611286311,0.24868988716485496,0.0,100.0,0.7071067811865475,0.7071067811865476,0.9679377830240642,-0.25119006388481935,1,100.0,23.46,wind_spike_2,27
2023-04-16 04:00:00+05:30,GAD_W1,wind,C2_Gadag,0.0,1.0,26.0,5.821,100.0,0.2655561174868088,0.9640954042341101,0.9685831611286311,0.24868988716485496,0.0,100.0,0.8660254037844386,0.5000000000000001,0.9679377830240642,-0.25119006388481935,1,100.0,23.13,wind_spike_2,28
2023-04-16 05:00:00+05:30,GAD_W1,wind,C2_Gadag,0.0,1.0,26.0,6.569,100.0,0.2655561174868088,0.9640954042341101,0.9685831611286311,0.24868988716485496,0.0,100.0,0.9659258262890683,0.25881904510252074,0.9679377830240642,-0.25119006388481935,1,100.0,23.2,wind_spike_2,29
2023-04-16 06:00:00+05:30,GAD_W1,wind,C2_Gadag,0.0,0.0,26.0,6.111,100.0,0.2655561174868088,0.9640954042341101,0.9685831611286311,0.24868988716485496,0.0,100.0,1.0,6.123233995736766e-17,0.9679377830240642,-0.25119006388481935,1,0.0,26.5,wind_spike_2,30
2023-04-16 07:00:00+05:30,GAD_W1,wind,C2_Gadag,0.0,0.0,26.0,5.079,100.0,0.2655561174868088,0.9640954042341101,0.9685831611286311,0.24868988716485496,0.0,100.0,0.9659258262890683,-0.25881904510252063,0.9679377830240642,-0.25119006388481935,1,0.0,27.0,wind_spike_2,31
2023-04-16 08:00:00+05:30,GAD_W1,wind,C2_Gadag,0.0,1.0,26.0,7.247,100.0,0.2655561174868088,0.9640954042341101,0.9685831611286311,0.24868988716485496,0.0,100.0,0.8660254037844387,-0.49999999999999983,0.9679377830240642,-0.25119006388481935,1,100.0,24.5,wind_spike_2,32
2023-04-16 09:00:00+05:30,GAD_W1,wind,C2_Gadag,0.0,1.0,26.0,4.638,100.0,0.2655561174868088,0.9640954042341101,0.9685831611286311,0.24868988716485496,0.0,100.0,0.7071067811865476,-0.7071067811865475,0.9679377830240642,-0.25119006388481935,1,100.0,20.0,wind_spike_2,33
2023-04-16 10:00:00+05:30,GAD_W1,wind,C2_Gadag,0.0,0.995,26.0,4.521,100.0,0.2655561174868088,0.9640954042341101,0.9685831611286311,0.24868988716485496,0.0,100.0,0.49999999999999994,-0.8660254037844387,0.9679377830240642,-0.25119006388481935,1,100.0,15.0,wind_spike_2,34
2023-04-16 11:00:00+05:30,GAD_W1,wind,C2_Gadag,0.0,0.4095,26.0,3.881,100.0,0.2655561174868088,0.9640954042341101,0.9685831611286311,0.24868988716485496,0.0,100.0,0.258819045102521,-0.9659258262890682,0.9679377830240642,-0.25119006388481935,1,27.334,8.84,wind_spike_2,35
2023-04-16 12:00:00+05:30,GAD_W1,wind,C2_Gadag,0.0,0.4197,26.0,4.591,100.0,0.2655561174868088,0.9640954042341101,0.9685831611286311,0.24868988716485496,0.0,100.0,1.2246467991473532e-16,-1.0,0.9679377830240642,-0.25119006388481935,1,28.463,8.92,wind_spike_2,36
2023-04-16 13:00:00+05:30,GAD_W1,wind,C2_Gadag,0.0,0.5213,26.0,4.505,100.0,0.2655561174868088,0.9640954042341101,0.9685831611286311,0.24868988716485496,0.0,100.0,-0.2588190451025208,-0.9659258262890683,0.9679377830240642,-0.25119006388481935,1,40.131,9.64,wind_spike_2,37
2023-04-16 14:00:00+05:30,GAD_W1,wind,C2_Gadag,0.0,0.3778,26.0,3.413,100.0,0.2655561174868088,0.9640954042341101,0.9685831611286311,0.24868988716485496,0.0,100.0,-0.4999999999999998,-0.8660254037844388,0.9679377830240642,-0.25119006388481935,1,24.033,8.6,wind_spike_2,38
2023-04-16 15:00:00+05:30,GAD_W1,wind,C2_Gadag,0.0,0.698,26.0,3.362,100.0,0.2655561174868088,0.9640954042341101,0.9685831611286311,0.24868988716485496,0.0,100.0,-0.7071067811865471,-0.7071067811865479,0.9679377830240642,-0.25119006388481935,1,66.52,10.86,wind_spike_2,39
2023-04-16 16:00:00+05:30,GAD_W1,wind,C2_Gadag,0.0,0.3691,26.0,2.305,100.0,0.2655561174868088,0.9640954042341101,0.9685831611286311,0.24868988716485496,0.0,100.0,-0.8660254037844384,-0.5000000000000004,0.9679377830240642,-0.25119006388481935,1,23.172,8.53,wind_spike_2,40
2023-04-16 17:00:00+05:30,GAD_W1,wind,C2_Gadag,0.0,0.3672,26.0,1.857,100.0,0.2655561174868088,0.9640954042341101,0.9685831611286311,0.24868988716485496,0.0,100.0,-0.9659258262890683,-0.25881904510252063,0.9679377830240642,-0.25119006388481935,1,22.985,8.51,wind_spike_2,41
2023-04-16 18:00:00+05:30,GAD_W1,wind,C2_Gadag,0.0,0.5485,26.0,1.772,100.0,0.2655561174868088,0.9640954042341101,0.9685831611286311,0.24868988716485496,0.0,100.0,-1.0,-1.8369701987210297e-16,0.9679377830240642,-0.25119006388481935,1,43.677,9.83,wind_spike_2,42
2023-04-16 19:00:00+05:30,GAD_W1,wind,C2_Gadag,0.0,0.4276,26.0,2.093,100.0,0.2655561174868088,0.9640954042341101,0.9685831611286311,0.24868988716485496,0.0,100.0,-0.9659258262890684,0.2588190451025203,0.9679377830240642,-0.25119006388481935,1,29.355,8.98,wind_spike_2,43
2023-04-16 20:00:00+05:30,GAD_W1,wind,C2_Gadag,0.0,0.4985,26.0,1.196,100.0,0.2655561174868088,0.9640954042341101,0.9685831611286311,0.24868988716485496,0.0,100.0,-0.8660254037844386,0.5000000000000001,0.9679377830240642,-0.25119006388481935,1,37.313,9.48,wind_spike_2,44
2023-04-16 21:00:00+05:30,GAD_W1,wind,C2_Gadag,0.0,0.6043,26.0,1.326,100.0,0.2655561174868088,0.9640954042341101,0.9685831611286311,0.24868988716485496,0.0,100.0,-0.7071067811865477,0.7071067811865474,0.9679377830240642,-0.25119006388481935,1,51.51,10.21,wind_spike_2,45
2023-04-16 22:00:00+05:30,GAD_W1,wind,C2_Gadag,0.0,0.4766,26.0,1.265,100.0,0.2655561174868088,0.9640954042341101,0.9685831611286311,0.24868988716485496,0.0,100.0,-0.5000000000000004,0.8660254037844384,0.9679377830240642,-0.25119006388481935,1,34.719,9.33,wind_spike_2,46
2023-04-16 23:00:00+05:30,GAD_W1,wind,C2_Gadag,0.0,0.4683,26.0,1.166,100.0,0.2655561174868088,0.9640954042341101,0.9685831611286311,0.24868988716485496,0.0,100.0,-0.25881904510252157,0.9659258262890681,0.9679377830240642,-0.25119006388481935,1,33.781,9.27,wind_spike_2,47
2023-04-17 00:00:00+05:30,GAD_W1,wind,C2_Gadag,0.0,0.3299,26.0,1.092,100.0,0.2655561174868088,0.9640954042341101,0.9685831611286311,0.24868988716485496,0.0,100.0,0.0,1.0,0.9634705485641488,-0.2678143051621742,1,19.559,8.22,wind_spike_2,48
2023-04-17 01:00:00+05:30,GAD_W1,wind,C2_Gadag,0.0,0.3107,26.0,1.587,100.0,0.2655561174868088,0.9640954042341101,0.9685831611286311,0.24868988716485496,0.0,100.0,0.25881904510252074,0.9659258262890683,0.9634705485641488,-0.2678143051621742,1,17.929,8.07,wind_spike_2,49
2023-04-17 02:00:00+05:30,GAD_W1,wind,C2_Gadag,0.0,0.2717,26.0,1.471,100.0,0.2655561174868088,0.9640954042341101,0.9685831611286311,0.24868988716485496,0.0,100.0,0.49999999999999994,0.8660254037844387,0.9634705485641488,-0.2678143051621742,1,14.528,7.73,wind_spike_2,50
2023-04-17 03:00:00+05:30,GAD_W1,wind,C2_Gadag,0.0,0.3195,26.0,1.239,100.0,0.2655561174868088,0.9640954042341101,0.9685831611286311,0.24868988716485496,0.0,100.0,0.7071067811865475,0.7071067811865476,0.9634705485641488,-0.2678143051621742,1,18.663,8.14,wind_spike_2,51
2023-04-17 04:00:00+05:30,GAD_W1,wind,C2_Gadag,0.0,0.3349,26.0,0.881,100.0,0.2655561174868088,0.9640954042341101,0.9685831611286311,0.24868988716485496,0.0,100.0,0.8660254037844386,0.5000000000000001,0.9634705485641488,-0.2678143051621742,1,19.993,8.26,wind_spike_2,52
2023-04-17 05:00:00+05:30,GAD_W1,wind,C2_Gadag,0.0,0.3175,26.0,1.521,100.0,0.2655561174868088,0.9640954042341101,0.9685831611286311,0.24868988716485496,0.0,100.0,0.9659258262890683,0.25881904510252074,0.9634705485641488,-0.2678143051621742,1,18.497,8.13,wind_spike_2,53
2023-04-17 06:00:00+05:30,GAD_W1,wind,C2_Gadag,0.0,0.3491,26.0,0.828,100.0,0.2655561174868088,0.9640954042341101,0.9685831611286311,0.24868988716485496,0.0,100.0,1.0,6.123233995736766e-17,0.9634705485641488,-0.2678143051621742,1,21.276,8.37,wind_spike_2,54
2023-04-17 07:00:00+05:30,GAD_W1,wind,C2_Gadag,0.0,0.3349,26.0,1.156,100.0,0.2655561174868088,0.9640954042341101,0.9685831611286311,0.24868988716485496,0.0,100.0,0.9659258262890683,-0.25881904510252063,0.9634705485641488,-0.2678143051621742,1,19.994,8.26,wind_spike_2,55
2023-04-17 08:00:00+05:30,GAD_W1,wind,C2_Gadag,0.0,0.4199,26.0,0.993,100.0,0.2655561174868088,0.9640954042341101,0.9685831611286311,0.24868988716485496,0.0,100.0,0.8660254037844387,-0.49999999999999983,0.9634705485641488,-0.2678143051621742,1,28.484,8.92,wind_spike_2,56
2023-04-17 09:00:00+05:30,GAD_W1,wind,C2_Gadag,0.0,0.2841,26.0,0.719,100.0,0.2655561174868088,0.9640954042341101,0.9685831611286311,0.24868988716485496,0.0,100.0,0.7071067811865476,-0.7071067811865475,0.9634705485641488,-0.2678143051621742,1,15.601,7.84,wind_spike_2,57
2023-04-17 10:00:00+05:30,GAD_W1,wind,C2_Gadag,0.0,0.4293,26.0,1.247,100.0,0.2655561174868088,0.9640954042341101,0.9685831611286311,0.24868988716485496,0.0,100.0,0.49999999999999994,-0.8660254037844387,0.9634705485641488,-0.2678143051621742,1,29.555,8.99,wind_spike_2,58
2023-04-17 11:00:00+05:30,GAD_W1,wind,C2_Gadag,0.0,0.4095,26.0,1.007,100.0,0.2655561174868088,0.9640954042341101,0.9685831611286311,0.24868988716485496,0.0,100.0,0.258819045102521,-0.9659258262890682,0.9634705485641488,-0.2678143051621742,1,27.336,8.84,wind_spike_2,59
2023-04-17 12:00:00+05:30,GAD_W1,wind,C2_Gadag,0.0,0.3059,26.0,0.538,100.0,0.2655561174868088,0.9640954042341101,0.9685831611286311,0.24868988716485496,0.0,100.0,1.2246467991473532e-16,-1.0,0.9634705485641488,-0.2678143051621742,1,17.543,8.04,wind_spike_2,60
2023-04-17 13:00:00+05:30,GAD_W1,wind,C2_Gadag,0.0,0.286,26.0,0.988,100.0,0.2655561174868088,0.9640954042341101,0.9685831611286311,0.24868988716485496,0.0,100.0,-0.2588190451025208,-0.9659258262890683,0.9634705485641488,-0.2678143051621742,1,15.773,7.86,wind_spike_2,61
2023-04-17 14:00:00+05:30,GAD_W1,wind,C2_Gadag,0.0,0.4017,26.0,1.27,100.0,0.2655561174868088,0.9640954042341101,0.9685831611286311,0.24868988716485496,0.0,100.0,-0.4999999999999998,-0.8660254037844388,0.9634705485641488,-0.2678143051621742,1,26.493,8.78,wind_spike_2,62
2023-04-17 15:00:00+05:30,GAD_W1,wind,C2_Gadag,0.0,0.4015,26.0,1.482,100.0,0.2655561174868088,0.9640954042341101,0.9685831611286311,0.24868988716485496,0.0,100.0,-0.7071067811865471,-0.7071067811865479,0.9634705485641488,-0.2678143051621742,1,26.479,8.78,wind_spike_2,63
2023-04-17 16:00:00+05:30,GAD_W1,wind,C2_Gadag,0.0,0.3144,26.0,0.973,100.0,0.2655561174868088,0.9640954042341101,0.9685831611286311,0.24868988716485496,0.0,100.0,-0.8660254037844384,-0.5000000000000004,0.9634705485641488,-0.2678143051621742,1,18.237,8.1,wind_spike_2,64
2023-04-17 17:00:00+05:30,GAD_W1,wind,C2_Gadag,0.0,0.2833,26.0,1.769,100.0,0.2655561174868088,0.9640954042341101,0.9685831611286311,0.24868988716485496,0.0,100.0,-0.9659258262890683,-0.25881904510252063,0.9634705485641488,-0.2678143051621742,1,15.53,7.84,wind_spike_2,65
2023-04-17 18:00:00+05:30,GAD_W1,wind,C2_Gadag,0.0,0.3396,26.0,1.005,100.0,0.2655561174868088,0.9640954042341101,0.9685831611286311,0.24868988716485496,0.0,100.0,-1.0,-1.8369701987210297e-16,0.9634705485641488,-0.2678143051621742,1,20.413,8.3,wind_spike_2,66
2023-04-17 19:00:00+05:30,GAD_W1,wind,C2_Gadag,0.0,0.1837,26.0,1.574,100.0,0.2655561174868088,0.9640954042341101,0.9685831611286311,0.24868988716485496,0.0,100.0,-0.9659258262890684,0.2588190451025203,0.9634705485641488,-0.2678143051621742,1,8.105,6.89,wind_spike_2,67
2023-04-17 20:00:00+05:30,GAD_W1,wind,C2_Gadag,0.0,0.4007,26.0,1.02,100.0,0.2655561174868088,0.9640954042341101,0.9685831611286311,0.24868988716485496,0.0,100.0,-0.8660254037844386,0.5000000000000001,0.9634705485641488,-0.2678143051621742,1,26.393,8.77,wind_spike_2,68
2023-04-17 21:00:00+05:30,GAD_W1,wind,C2_Gadag,0.0,0.3247,26.0,1.409,100.0,0.2655561174868088,0.9640954042341101,0.9685831611286311,0.24868988716485496,0.0,100.0,-0.7071067811865477,0.7071067811865474,0.9634705485641488,-0.2678143051621742,1,19.106,8.18,wind_spike_2,69
2023-04-17 22:00:00+05:30,GAD_W1,wind,C2_Gadag,0.0,0.3783,26.0,1.192,100.0,0.2655561174868088,0.9640954042341101,0.9685831611286311,0.24868988716485496,0.0,100.0,-0.5000000000000004,0.8660254037844384,0.9634705485641488,-0.2678143051621742,1,24.079,8.6,wind_spike_2,70
2023-04-17 23:00:00+05:30,GAD_W1,wind,C2_Gadag,0.0,0.4867,26.0,1.118,100.0,0.2655561174868088,0.9640954042341101,0.9685831611286311,0.24868988716485496,0.0,100.0,-0.25881904510252157,0.9659258262890681,0.9634705485641488,-0.2678143051621742,1,35.895,9.4,wind_spike_2,71
2023-07-10 00:00:00+05:30,GAD_W1,wind,C2_Gadag,0.0,0.285,26.0,0.769,100.0,0.2655561174868088,0.9640954042341101,0.9685831611286311,0.24868988716485496,0.0,100.0,0.0,1.0,-0.14579919691987442,-0.9893142039703664,2,15.684,7.85,wind_spike_3,0
2023-07-10 01:00:00+05:30,GAD_W1,wind,C2_Gadag,0.0,0.3006,26.0,1.061,100.0,0.2655561174868088,0.9640954042341101,0.9685831611286311,0.24868988716485496,0.0,100.0,0.25881904510252074,0.9659258262890683,-0.14579919691987442,-0.9893142039703664,2,17.114,8.0,wind_spike_3,1
2023-07-10 02:00:00+05:30,GAD_W1,wind,C2_Gadag,0.0,0.3175,26.0,1.117,100.0,0.2655561174868088,0.9640954042341101,0.9685831611286311,0.24868988716485496,0.0,100.0,0.49999999999999994,0.8660254037844387,-0.14579919691987442,-0.9893142039703664,2,18.494,8.13,wind_spike_3,2
2023-07-10 03:00:00+05:30,GAD_W1,wind,C2_Gadag,0.0,0.3102,26.0,0.822,100.0,0.2655561174868088,0.9640954042341101,0.9685831611286311,0.24868988716485496,0.0,100.0,0.7071067811865475,0.7071067811865476,-0.14579919691987442,-0.9893142039703664,2,17.89,8.07,wind_spike_3,3
2023-07-10 04:00:00+05:30,GAD_W1,wind,C2_Gadag,0.0,0.2064,26.0,1.041,100.0,0.2655561174868088,0.9640954042341101,0.9685831611286311,0.24868988716485496,0.0,100.0,0.8660254037844386,0.5000000000000001,-0.14579919691987442,-0.9893142039703664,2,9.681,7.13,wind_spike_3,4
2023-07-10 05:00:00+05:30,GAD_W1,wind,C2_Gadag,0.0,0.3749,26.0,1.278,100.0,0.2655561174868088,0.9640954042341101,0.9685831611286311,0.24868988716485496,0.0,100.0,0.9659258262890683,0.25881904510252074,-0.14579919691987442,-0.9893142039703664,2,23.739,8.57,wind_spike_3,5
2023-07-10 06:00:00+05:30,GAD_W1,wind,C2_Gadag,0.0,0.2752,26.0,0.943,100.0,0.2655561174868088,0.9640954042341101,0.9685831611286311,0.24868988716485496,0.0,100.0,1.0,6.123233995736766e-17,-0.14579919691987442,-0.9893142039703664,2,14.823,7.76,wind_spike_3,6
2023-07-10 07:00:00+05:30,GAD_W1,wind,C2_Gadag,0.0,0.3761,26.0,0.759,100.0,0.2655561174868088,0.9640954042341101,0.9685831611286311,0.24868988716485496,0.0,100.0,0.9659258262890683,-0.25881904510252063,-0.14579919691987442,-0.9893142039703664,2,23.864,8.58,wind_spike_3,7
2023-07-10 08:00:00+05:30,GAD_W1,wind,C2_Gadag,0.0,0.3238,26.0,0.856,100.0,0.2655561174868088,0.9640954042341101,0.9685831611286311,0.24868988716485496,0.0,100.0,0.8660254037844387,-0.49999999999999983,-0.14579919691987442,-0.9893142039703664,2,19.029,8.18,wind_spike_3,8
2023-07-10 09:00:00+05:30,GAD_W1,wind,C2_Gadag,0.0,0.3167,26.0,1.378,100.0,0.2655561174868088,0.9640954042341101,0.9685831611286311,0.24868988716485496,0.0,100.0,0.7071067811865476,-0.7071067811865475,-0.14579919691987442,-0.9893142039703664,2,18.429,8.12,wind_spike_3,9
2023-07-10 10:00:00+05:30,GAD_W1,wind,C2_Gadag,0.0,0.2158,26.0,1.23,100.0,0.2655561174868088,0.9640954042341101,0.9685831611286311,0.24868988716485496,0.0,100.0,0.49999999999999994,-0.8660254037844387,-0.14579919691987442,-0.9893142039703664,2,10.298,7.22,wind_spike_3,10
2023-07-10 11:00:00+05:30,GAD_W1,wind,C2_Gadag,0.0,0.2526,26.0,1.197,100.0,0.2655561174868088,0.9640954042341101,0.9685831611286311,0.24868988716485496,0.0,100.0,0.258819045102521,-0.9659258262890682,-0.14579919691987442,-0.9893142039703664,2,12.969,7.56,wind_spike_3,11
2023-07-10 12:00:00+05:30,GAD_W1,wind,C2_Gadag,0.0,0.2548,26.0,0.927,100.0,0.2655561174868088,0.9640954042341101,0.9685831611286311,0.24868988716485496,0.0,100.0,1.2246467991473532e-16,-1.0,-0.14579919691987442,-0.9893142039703664,2,13.142,7.58,wind_spike_3,12
2023-07-10 13:00:00+05:30,GAD_W1,wind,C2_Gadag,0.0,0.2806,26.0,0.908,100.0,0.2655561174868088,0.9640954042341101,0.9685831611286311,0.24868988716485496,0.0,100.0,-0.2588190451025208,-0.9659258262890683,-0.14579919691987442,-0.9893142039703664,2,15.292,7.81,wind_spike_3,13
2023-07-10 14:00:00+05:30,GAD_W1,wind,C2_Gadag,0.0,0.2349,26.0,0.94,100.0,0.2655561174868088,0.9640954042341101,0.9685831611286311,0.24868988716485496,0.0,100.0,-0.4999999999999998,-0.8660254037844388,-0.14579919691987442,-0.9893142039703664,2,11.633,7.39,wind_spike_3,14
2023-07-10 15:00:00+05:30,GAD_W1,wind,C2_Gadag,0.0,0.3058,26.0,1.016,100.0,0.2655561174868088,0.9640954042341101,0.9685831611286311,0.24868988716485496,0.0,100.0,-0.7071067811865471,-0.7071067811865479,-0.14579919691987442,-0.9893142039703664,2,17.536,8.04,wind_spike_3,15
2023-07-10 16:00:00+05:30,GAD_W1,wind,C2_Gadag,0.0,0.4254,26.0,1.317,100.0,0.2655561174868088,0.9640954042341101,0.9685831611286311,0.24868988716485496,0.0,100.0,-0.8660254037844384,-0.5000000000000004,-0.14579919691987442,-0.9893142039703664,2,29.102,8.96,wind_spike_3,16
2023-07-10 17:00:00+05:30,GAD_W1,wind,C2_Gadag,0.0,0.2479,26.0,0.832,100.0,0.2655561174868088,0.9640954042341101,0.9685831611286311,0.24868988716485496,0.0,100.0,-0.9659258262890683,-0.25881904510252063,-0.14579919691987442,-0.9893142039703664,2,12.607,7.51,wind_spike_3,17
2023-07-10 18:00:00+05:30,GAD_W1,wind,C2_Gadag,0.0,0.3966,26.0,1.614,100.0,0.2655561174868088,0.9640954042341101,0.9685831611286311,0.24868988716485496,0.0,100.0,-1.0,-1.8369701987210297e-16,-0.14579919691987442,-0.9893142039703664,2,25.952,8.74,wind_spike_3,18
2023-07-10 19:00:00+05:30,GAD_W1,wind,C2_Gadag,0.0,0.2541,26.0,0.539,100.0,0.2655561174868088,0.9640954042341101,0.9685831611286311,0.24868988716485496,0.0,100.0,-0.9659258262890684,0.2588190451025203,-0.14579919691987442,-0.9893142039703664,2,13.091,7.57,wind_spike_3,19
2023-07-10 20:00:00+05:30,GAD_W1,wind,C2_Gadag,0.0,0.1966,26.0,1.512,100.0,0.2655561174868088,0.9640954042341101,0.9685831611286311,0.24868988716485496,0.0,100.0,-0.8660254037844386,0.5000000000000001,-0.14579919691987442,-0.9893142039703664,2,9.057,7.04,wind_spike_3,20
2023-07-10 21:00:00+05:30,GAD_W1,wind,C2_Gadag,0.0,0.2238,26.0,0.932,100.0,0.2655561174868088,0.9640954042341101,0.9685831611286311,0.24868988716485496,0.0,100.0,-0.7071067811865477,0.7071067811865474,-0.14579919691987442,-0.9893142039703664,2,10.845,7.29,wind_spike_3,21
2023-07-10 22:00:00+05:30,GAD_W1,wind,C2_Gadag,0.0,0.2614,26.0,0.677,100.0,0.2655561174868088,0.9640954042341101,0.9685831611286311,0.24868988716485496,0.0,100.0,-0.5000000000000004,0.8660254037844384,-0.14579919691987442,-0.9893142039703664,2,13.676,7.64,wind_spike_3,22
2023-07-10 23:00:00+05:30,GAD_W1,wind,C2_Gadag,0.0,0.2375,26.0,1.296,100.0,0.2655561174868088,0.9640954042341101,0.9685831611286311,0.24868988716485496,0.0,100.0,-0.25881904510252157,0.9659258262890681,-0.14579919691987442,-0.9893142039703664,2,11.822,7.42,wind_spike_3,23
2023-07-11 00:00:00+05:30,GAD_W1,wind,C2_Gadag,0.0,0.856,26.0,2.193,100.0,0.2655561174868088,0.9640954042341101,0.9685831611286311,0.24868988716485496,0.0,100.0,0.0,1.0,-0.16280701293851646,-0.9866579328916572,2,100.0,12.0,wind_spike_3,24
2023-07-11 01:00:00+05:30,GAD_W1,wind,C2_Gadag,0.0,1.0,26.0,3.371,100.0,0.2655561174868088,0.9640954042341101,0.9685831611286311,0.24868988716485496,0.0,100.0,0.25881904510252074,0.9659258262890683,-0.16280701293851646,-0.9866579328916572,2,100.0,18.0,wind_spike_3,25
2023-07-11 02:00:00+05:30,GAD_W1,wind,C2_Gadag,0.0,1.0,26.0,4.867,100.0,0.2655561174868088,0.9640954042341101,0.9685831611286311,0.24868988716485496,0.0,100.0,0.49999999999999994,0.8660254037844387,-0.16280701293851646,-0.9866579328916572,2,100.0,22.0,wind_spike_3,26
2023-07-11 03:00:00+05:30,GAD_W1,wind,C2_Gadag,0.0,1.0,26.0,6.257,100.0,0.2655561174868088,0.9640954042341101,0.9685831611286311,0.24868988716485496,0.0,100.0,0.7071067811865475,0.7071067811865476,-0.16280701293851646,-0.9866579328916572,2,100.0,23.15,wind_spike_3,27
2023-07-11 04:00:00+05:30,GAD_W1,wind,C2_Gadag,0.0,1.0,26.0,6.853,100.0,0.2655561174868088,0.9640954042341101,0.9685831611286311,0.24868988716485496,0.0,100.0,0.8660254037844386,0.5000000000000001,-0.16280701293851646,-0.9866579328916572,2,100.0,22.68,wind_spike_3,28
2023-07-11 05:00:00+05:30,GAD_W1,wind,C2_Gadag,0.0,1.0,26.0,7.663,100.0,0.2655561174868088,0.9640954042341101,0.9685831611286311,0.24868988716485496,0.0,100.0,0.9659258262890683,0.25881904510252074,-0.16280701293851646,-0.9866579328916572,2,100.0,23.78,wind_spike_3,29
2023-07-11 06:00:00+05:30,GAD_W1,wind,C2_Gadag,0.0,0.0,26.0,8.17,100.0,0.2655561174868088,0.9640954042341101,0.9685831611286311,0.24868988716485496,0.0,100.0,1.0,6.123233995736766e-17,-0.16280701293851646,-0.9866579328916572,2,0.0,26.5,wind_spike_3,30
2023-07-11 07:00:00+05:30,GAD_W1,wind,C2_Gadag,0.0,0.0,26.0,5.571,100.0,0.2655561174868088,0.9640954042341101,0.9685831611286311,0.24868988716485496,0.0,100.0,0.9659258262890683,-0.25881904510252063,-0.16280701293851646,-0.9866579328916572,2,0.0,27.0,wind_spike_3,31
2023-07-11 08:00:00+05:30,GAD_W1,wind,C2_Gadag,0.0,1.0,26.0,5.46,100.0,0.2655561174868088,0.9640954042341101,0.9685831611286311,0.24868988716485496,0.0,100.0,0.8660254037844387,-0.49999999999999983,-0.16280701293851646,-0.9866579328916572,2,100.0,24.5,wind_spike_3,32
2023-07-11 09:00:00+05:30,GAD_W1,wind,C2_Gadag,0.0,1.0,26.0,4.734,100.0,0.2655561174868088,0.9640954042341101,0.9685831611286311,0.24868988716485496,0.0,100.0,0.7071067811865476,-0.7071067811865475,-0.16280701293851646,-0.9866579328916572,2,100.0,20.0,wind_spike_3,33
2023-07-11 10:00:00+05:30,GAD_W1,wind,C2_Gadag,0.0,0.995,26.0,3.554,100.0,0.2655561174868088,0.9640954042341101,0.9685831611286311,0.24868988716485496,0.0,100.0,0.49999999999999994,-0.8660254037844387,-0.16280701293851646,-0.9866579328916572,2,100.0,15.0,wind_spike_3,34
2023-07-11 11:00:00+05:30,GAD_W1,wind,C2_Gadag,0.0,0.5751,26.0,2.945,100.0,0.2655561174868088,0.9640954042341101,0.9685831611286311,0.24868988716485496,0.0,100.0,0.258819045102521,-0.9659258262890682,-0.16280701293851646,-0.9866579328916572,2,47.343,10.01,wind_spike_3,35
2023-07-11 12:00:00+05:30,GAD_W1,wind,C2_Gadag,0.0,0.4398,26.0,3.774,100.0,0.2655561174868088,0.9640954042341101,0.9685831611286311,0.24868988716485496,0.0,100.0,1.2246467991473532e-16,-1.0,-0.16280701293851646,-0.9866579328916572,2,30.659,9.07,wind_spike_3,36
2023-07-11 13:00:00+05:30,GAD_W1,wind,C2_Gadag,0.0,0.4605,26.0,3.671,100.0,0.2655561174868088,0.9640954042341101,0.9685831611286311,0.24868988716485496,0.0,100.0,-0.2588190451025208,-0.9659258262890683,-0.16280701293851646,-0.9866579328916572,2,32.899,9.21,wind_spike_3,37
2023-07-11 14:00:00+05:30,GAD_W1,wind,C2_Gadag,0.0,0.3181,26.0,2.573,100.0,0.2655561174868088,0.9640954042341101,0.9685831611286311,0.24868988716485496,0.0,100.0,-0.4999999999999998,-0.8660254037844388,-0.16280701293851646,-0.9866579328916572,2,18.545,8.13,wind_spike_3,38
2023-07-11 15:00:00+05:30,GAD_W1,wind,C2_Gadag,0.0,0.4205,26.0,4.097,100.0,0.2655561174868088,0.9640954042341101,0.9685831611286311,0.24868988716485496,0.0,100.0,-0.7071067811865471,-0.7071067811865479,-0.16280701293851646,-0.9866579328916572,2,28.547,8.93,wind_spike_3,39
2023-07-11 16:00:00+05:30,GAD_W1,wind,C2_Gadag,0.0,0.3861,26.0,1.4,100.0,0.2655561174868088,0.9640954042341101,0.9685831611286311,0.24868988716485496,0.0,100.0,-0.8660254037844384,-0.5000000000000004,-0.16280701293851646,-0.9866579328916572,2,24.874,8.66,wind_spike_3,40
2023-07-11 17:00:00+05:30,GAD_W1,wind,C2_Gadag,0.0,0.4816,26.0,1.302,100.0,0.2655561174868088,0.9640954042341101,0.9685831611286311,0.24868988716485496,0.0,100.0,-0.9659258262890683,-0.25881904510252063,-0.16280701293851646,-0.9866579328916572,2,35.298,9.36,wind_spike_3,41
2023-07-11 18:00:00+05:30,GAD_W1,wind,C2_Gadag,0.0,0.511,26.0,1.552,100.0,0.2655561174868088,0.9640954042341101,0.9685831611286311,0.24868988716485496,0.0,100.0,-1.0,-1.8369701987210297e-16,-0.16280701293851646,-0.9866579328916572,2,38.842,9.57,wind_spike_3,42
2023-07-11 19:00:00+05:30,GAD_W1,wind,C2_Gadag,0.0,0.3897,26.0,1.539,100.0,0.2655561174868088,0.9640954042341101,0.9685831611286311,0.24868988716485496,0.0,100.0,-0.9659258262890684,0.2588190451025203,-0.16280701293851646,-0.9866579328916572,2,25.237,8.69,wind_spike_3,43
2023-07-11 20:00:00+05:30,GAD_W1,wind,C2_Gadag,0.0,0.5897,26.0,1.683,100.0,0.2655561174868088,0.9640954042341101,0.9685831611286311,0.24868988716485496,0.0,100.0,-0.8660254037844386,0.5000000000000001,-0.16280701293851646,-0.9866579328916572,2,49.393,10.11,wind_spike_3,44
2023-07-11 21:00:00+05:30,GAD_W1,wind,C2_Gadag,0.0,0.5712,26.0,2.074,100.0,0.2655561174868088,0.9640954042341101,0.9685831611286311,0.24868988716485496,0.0,100.0,-0.7071067811865477,0.7071067811865474,-0.16280701293851646,-0.9866579328916572,2,46.8,9.99,wind_spike_3,45
2023-07-11 22:00:00+05:30,GAD_W1,wind,C2_Gadag,0.0,0.4214,26.0,1.476,100.0,0.2655561174868088,0.9640954042341101,0.9685831611286311,0.24868988716485496,0.0,100.0,-0.5000000000000004,0.8660254037844384,-0.16280701293851646,-0.9866579328916572,2,28.654,8.93,wind_spike_3,46
2023-07-11 23:00:00+05:30,GAD_W1,wind,C2_Gadag,0.0,0.7283,26.0,1.657,100.0,0.2655561174868088,0.9640954042341101,0.9685831611286311,0.24868988716485496,0.0,100.0,-0.25881904510252157,0.9659258262890681,-0.16280701293851646,-0.9866579328916572,2,72.034,11.07,wind_spike_3,47
2023-07-12 00:00:00+05:30,GAD_W1,wind,C2_Gadag,0.0,0.3766,26.0,1.226,100.0,0.2655561174868088,0.9640954042341101,0.9685831611286311,0.24868988716485496,0.0,100.0,0.0,1.0,-0.17976658572556214,-0.9837092937736098,2,23.907,8.59,wind_spike_3,48
2023-07-12 01:00:00+05:30,GAD_W1,wind,C2_Gadag,0.0,0.3888,26.0,1.599,100.0,0.2655561174868088,0.9640954042341101,0.9685831611286311,0.24868988716485496,0.0,100.0,0.25881904510252074,0.9659258262890683,-0.17976658572556214,-0.9837092937736098,2,25.146,8.68,wind_spike_3,49
2023-07-12 02:00:00+05:30,GAD_W1,wind,C2_Gadag,0.0,0.3908,26.0,1.003,100.0,0.2655561174868088,0.9640954042341101,0.9685831611286311,0.24868988716485496,0.0,100.0,0.49999999999999994,0.8660254037844387,-0.17976658572556214,-0.9837092937736098,2,25.352,8.7,wind_spike_3,50
2023-07-12 03:00:00+05:30,GAD_W1,wind,C2_Gadag,0.0,0.3982,26.0,0.904,100.0,0.2655561174868088,0.9640954042341101,0.9685831611286311,0.24868988716485496,0.0,100.0,0.7071067811865475,0.7071067811865476,-0.17976658572556214,-0.9837092937736098,2,26.121,8.75,wind_spike_3,51
2023-07-12 04:00:00+05:30,GAD_W1,wind,C2_Gadag,0.0,0.2747,26.0,0.9,100.0,0.2655561174868088,0.9640954042341101,0.9685831611286311,0.24868988716485496,0.0,100.0,0.8660254037844386,0.5000000000000001,-0.17976658572556214,-0.9837092937736098,2,14.785,7.76,wind_spike_3,52
2023-07-12 05:00:00+05:30,GAD_W1,wind,C2_Gadag,0.0,0.3607,26.0,1.133,100.0,0.2655561174868088,0.9640954042341101,0.9685831611286311,0.24868988716485496,0.0,100.0,0.9659258262890683,0.25881904510252074,-0.17976658572556214,-0.9837092937736098,2,22.358,8.46,wind_spike_3,53
2023-07-12 06:00:00+05:30,GAD_W1,wind,C2_Gadag,0.0,0.3039,26.0,0.735,100.0,0.2655561174868088,0.9640954042341101,0.9685831611286311,0.24868988716485496,0.0,100.0,1.0,6.123233995736766e-17,-0.17976658572556214,-0.9837092937736098,2,17.376,8.02,wind_spike_3,54
2023-07-12 07:00:00+05:30,GAD_W1,wind,C2_Gadag,0.0,0.3618,26.0,0.796,100.0,0.2655561174868088,0.9640954042341101,0.9685831611286311,0.24868988716485496,0.0,100.0,0.9659258262890683,-0.25881904510252063,-0.17976658572556214,-0.9837092937736098,2,22.463,8.47,wind_spike_3,55
2023-07-12 08:00:00+05:30,GAD_W1,wind,C2_Gadag,0.0,0.4299,26.0,1.423,100.0,0.2655561174868088,0.9640954042341101,0.9685831611286311,0.24868988716485496,0.0,100.0,0.8660254037844387,-0.49999999999999983,-0.17976658572556214,-0.9837092937736098,2,29.618,9.0,wind_spike_3,56
2023-07-12 09:00:00+05:30,GAD_W1,wind,C2_Gadag,0.0,0.43,26.0,0.689,100.0,0.2655561174868088,0.9640954042341101,0.9685831611286311,0.24868988716485496,0.0,100.0,0.7071067811865476,-0.7071067811865475,-0.17976658572556214,-0.9837092937736098,2,29.632,9.0,wind_spike_3,57
2023-07-12 10:00:00+05:30,GAD_W1,wind,C2_Gadag,0.0,0.3872,26.0,1.224,100.0,0.2655561174868088,0.9640954042341101,0.9685831611286311,0.24868988716485496,0.0,100.0,0.49999999999999994,-0.8660254037844387,-0.17976658572556214,-0.9837092937736098,2,24.981,8.67,wind_spike_3,58
2023-07-12 11:00:00+05:30,GAD_W1,wind,C2_Gadag,0.0,0.3998,26.0,1.461,100.0,0.2655561174868088,0.9640954042341101,0.9685831611286311,0.24868988716485496,0.0,100.0,0.258819045102521,-0.9659258262890682,-0.17976658572556214,-0.9837092937736098,2,26.294,8.77,wind_spike_3,59
2023-07-12 12:00:00+05:30,GAD_W1,wind,C2_Gadag,0.0,0.2512,26.0,0.9,100.0,0.2655561174868088,0.9640954042341101,0.9685831611286311,0.24868988716485496,0.0,100.0,1.2246467991473532e-16,-1.0,-0.17976658572556214,-0.9837092937736098,2,12.867,7.54,wind_spike_3,60
2023-07-12 13:00:00+05:30,GAD_W1,wind,C2_Gadag,0.0,0.3411,26.0,1.136,100.0,0.2655561174868088,0.9640954042341101,0.9685831611286311,0.24868988716485496,0.0,100.0,-0.2588190451025208,-0.9659258262890683,-0.17976658572556214,-0.9837092937736098,2,20.549,8.31,wind_spike_3,61
2023-07-12 14:00:00+05:30,GAD_W1,wind,C2_Gadag,0.0,0.2979,26.0,1.058,100.0,0.2655561174868088,0.9640954042341101,0.9685831611286311,0.24868988716485496,0.0,100.0,-0.4999999999999998,-0.8660254037844388,-0.17976658572556214,-0.9837092937736098,2,16.853,7.97,wind_spike_3,62
2023-07-12 15:00:00+05:30,GAD_W1,wind,C2_Gadag,0.0,0.2723,26.0,1.156,100.0,0.2655561174868088,0.9640954042341101,0.9685831611286311,0.24868988716485496,0.0,100.0,-0.7071067811865471,-0.7071067811865479,-0.17976658572556214,-0.9837092937736098,2,14.579,7.74,wind_spike_3,63
2023-07-12 16:00:00+05:30,GAD_W1,wind,C2_Gadag,0.0,0.3486,26.0,0.984,100.0,0.2655561174868088,0.9640954042341101,0.9685831611286311,0.24868988716485496,0.0,100.0,-0.8660254037844384,-0.5000000000000004,-0.17976658572556214,-0.9837092937736098,2,21.226,8.37,wind_spike_3,64
2023-07-12 17:00:00+05:30,GAD_W1,wind,C2_Gadag,0.0,0.4256,26.0,0.85,100.0,0.2655561174868088,0.9640954042341101,0.9685831611286311,0.24868988716485496,0.0,100.0,-0.9659258262890683,-0.25881904510252063,-0.17976658572556214,-0.9837092937736098,2,29.124,8.97,wind_spike_3,65
2023-07-12 18:00:00+05:30,GAD_W1,wind,C2_Gadag,0.0,0.373,26.0,1.268,100.0,0.2655561174868088,0.9640954042341101,0.9685831611286311,0.24868988716485496,0.0,100.0,-1.0,-1.8369701987210297e-16,-0.17976658572556214,-0.9837092937736098,2,23.552,8.56,wind_spike_3,66
2023-07-12 19:00:00+05:30,GAD_W1,wind,C2_Gadag,0.0,0.283,26.0,0.916,100.0,0.2655561174868088,0.9640954042341101,0.9685831611286311,0.24868988716485496,0.0,100.0,-0.9659258262890684,0.2588190451025203,-0.17976658572556214,-0.9837092937736098,2,15.506,7.84,wind_spike_3,67
2023-07-12 20:00:00+05:30,GAD_W1,wind,C2_Gadag,0.0,0.3967,26.0,0.767,100.0,0.2655561174868088,0.9640954042341101,0.9685831611286311,0.24868988716485496,0.0,100.0,-0.8660254037844386,0.5000000000000001,-0.17976658572556214,-0.9837092937736098,2,25.963,8.74,wind_spike_3,68
2023-07-12 21:00:00+05:30,GAD_W1,wind,C2_Gadag,0.0,0.4161,26.0,1.014,100.0,0.2655561174868088,0.9640954042341101,0.9685831611286311,0.24868988716485496,0.0,100.0,-0.7071067811865477,0.7071067811865474,-0.17976658572556214,-0.9837092937736098,2,28.057,8.89,wind_spike_3,69
2023-07-12 22:00:00+05:30,GAD_W1,wind,C2_Gadag,0.0,0.4927,26.0,1.161,100.0,0.2655561174868088,0.9640954042341101,0.9685831611286311,0.24868988716485496,0.0,100.0,-0.5000000000000004,0.8660254037844384,-0.17976658572556214,-0.9837092937736098,2,36.608,9.44,wind_spike_3,70
2023-07-12 23:00:00+05:30,GAD_W1,wind,C2_Gadag,0.0,0.2258,26.0,1.333,100.0,0.2655561174868088,0.9640954042341101,0.9685831611286311,0.24868988716485496,0.0,100.0,-0.25881904510252157,0.9659258262890681,-0.17976658572556214,-0.9837092937736098,2,10.981,7.31,wind_spike_3,71
2023-09-22 00:00:00+05:30,GAD_W1,wind,C2_Gadag,0.0,0.259,26.0,0.925,100.0,0.2655561174868088,0.9640954042341101,0.9685831611286311,0.24868988716485496,0.0,100.0,0.0,1.0,-0.9886775902323404,-0.15005539834465262,2,13.477,7.61,wind_spike_4,0
2023-09-22 01:00:00+05:30,GAD_W1,wind,C2_Gadag,0.0,0.268,26.0,0.884,100.0,0.2655561174868088,0.9640954042341101,0.9685831611286311,0.24868988716485496,0.0,100.0,0.25881904510252074,0.9659258262890683,-0.9886775902323404,-0.15005539834465262,2,14.214,7.7,wind_spike_4,1
2023-09-22 02:00:00+05:30,GAD_W1,wind,C2_Gadag,0.0,0.3015,26.0,0.904,100.0,0.2655561174868088,0.9640954042341101,0.9685831611286311,0.24868988716485496,0.0,100.0,0.49999999999999994,0.8660254037844387,-0.9886775902323404,-0.15005539834465262,2,17.189,8.0,wind_spike_4,2
2023-09-22 03:00:00+05:30,GAD_W1,wind,C2_Gadag,0.0,0.3513,26.0,1.304,100.0,0.2655561174868088,0.9640954042341101,0.9685831611286311,0.24868988716485496,0.0,100.0,0.7071067811865475,0.7071067811865476,-0.9886775902323404,-0.15005539834465262,2,21.479,8.39,wind_spike_4,3
2023-09-22 04:00:00+05:30,GAD_W1,wind,C2_Gadag,0.0,0.2432,26.0,1.208,100.0,0.2655561174868088,0.9640954042341101,0.9685831611286311,0.24868988716485496,0.0,100.0,0.8660254037844386,0.5000000000000001,-0.9886775902323404,-0.15005539834465262,2,12.246,7.47,wind_spike_4,4
2023-09-22 05:00:00+05:30,GAD_W1,wind,C2_Gadag,0.0,0.3903,26.0,1.213,100.0,0.2655561174868088,0.9640954042341101,0.9685831611286311,0.24868988716485496,0.0,100.0,0.9659258262890683,0.25881904510252074,-0.9886775902323404,-0.15005539834465262,2,25.302,8.69,wind_spike_4,5
2023-09-22 06:00:00+05:30,GAD_W1,wind,C2_Gadag,0.0,0.342,26.0,1.601,100.0,0.2655561174868088,0.9640954042341101,0.9685831611286311,0.24868988716485496,0.0,100.0,1.0,6.123233995736766e-17,-0.9886775902323404,-0.15005539834465262,2,20.627,8.32,wind_spike_4,6
2023-09-22 07:00:00+05:30,GAD_W1,wind,C2_Gadag,0.0,0.3003,26.0,1.118,100.0,0.2655561174868088,0.9640954042341101,0.9685831611286311,0.24868988716485496,0.0,100.0,0.9659258262890683,-0.25881904510252063,-0.9886775902323404,-0.15005539834465262,2,17.083,7.99,wind_spike_4,7
2023-09-22 08:00:00+05:30,GAD_W1,wind,C2_Gadag,0.0,0.3676,26.0,1.021,100.0,0.2655561174868088,0.9640954042341101,0.9685831611286311,0.24868988716485496,0.0,100.0,0.8660254037844387,-0.49999999999999983,-0.9886775902323404,-0.15005539834465262,2,23.026,8.52,wind_spike_4,8
2023-09-22 09:00:00+05:30,GAD_W1,wind,C2_Gadag,0.0,0.3736,26.0,1.272,100.0,0.2655561174868088,0.9640954042341101,0.9685831611286311,0.24868988716485496,0.0,100.0,0.7071067811865476,-0.7071067811865475,-0.9886775902323404,-0.15005539834465262,2,23.611,8.56,wind_spike_4,9
2023-09-22 10:00:00+05:30,GAD_W1,wind,C2_Gadag,0.0,0.2928,26.0,1.085,100.0,0.2655561174868088,0.9640954042341101,0.9685831611286311,0.24868988716485496,0.0,100.0,0.49999999999999994,-0.8660254037844387,-0.9886775902323404,-0.15005539834465262,2,16.38,7.92,wind_spike_4,10
2023-09-22 11:00:00+05:30,GAD_W1,wind,C2_Gadag,0.0,0.3986,26.0,1.07,100.0,0.2655561174868088,0.9640954042341101,0.9685831611286311,0.24868988716485496,0.0,100.0,0.258819045102521,-0.9659258262890682,-0.9886775902323404,-0.15005539834465262,2,26.168,8.76,wind_spike_4,11
2023-09-22 12:00:00+05:30,GAD_W1,wind,C2_Gadag,0.0,0.2887,26.0,1.718,100.0,0.2655561174868088,0.9640954042341101,0.9685831611286311,0.24868988716485496,0.0,100.0,1.2246467991473532e-16,-1.0,-0.9886775902323404,-0.15005539834465262,2,16.009,7.89,wind_spike_4,12
2023-09-22 13:00:00+05:30,GAD_W1,wind,C2_Gadag,0.0,0.3269,26.0,1.075,100.0,0.2655561174868088,0.9640954042341101,0.9685831611286311,0.24868988716485496,0.0,100.0,-0.2588190451025208,-0.9659258262890683,-0.9886775902323404,-0.15005539834465262,2,19.293,8.2,wind_spike_4,13
2023-09-22 14:00:00+05:30,GAD_W1,wind,C2_Gadag,0.0,0.2924,26.0,1.115,100.0,0.2655561174868088,0.9640954042341101,0.9685831611286311,0.24868988716485496,0.0,100.0,-0.4999999999999998,-0.8660254037844388,-0.9886775902323404,-0.15005539834465262,2,16.348,7.92,wind_spike_4,14
2023-09-22 15:00:00+05:30,GAD_W1,wind,C2_Gadag,0.0,0.2697,26.0,0.966,100.0,0.2655561174868088,0.9640954042341101,0.9685831611286311,0.24868988716485496,0.0,100.0,-0.7071067811865471,-0.7071067811865479,-0.9886775902323404,-0.15005539834465262,2,14.357,7.71,wind_spike_4,15
2023-09-22 16:00:00+05:30,GAD_W1,wind,C2_Gadag,0.0,0.3864,26.0,1.341,100.0,0.2655561174868088,0.9640954042341101,0.9685831611286311,0.24868988716485496,0.0,100.0,-0.8660254037844384,-0.5000000000000004,-0.9886775902323404,-0.15005539834465262,2,24.897,8.66,wind_spike_4,16
2023-09-22 17:00:00+05:30,GAD_W1,wind,C2_Gadag,0.0,0.4076,26.0,0.906,100.0,0.2655561174868088,0.9640954042341101,0.9685831611286311,0.24868988716485496,0.0,100.0,-0.9659258262890683,-0.25881904510252063,-0.9886775902323404,-0.15005539834465262,2,27.126,8.83,wind_spike_4,17
2023-09-22 18:00:00+05:30,GAD_W1,wind,C2_Gadag,0.0,0.3058,26.0,1.562,100.0,0.2655561174868088,0.9640954042341101,0.9685831611286311,0.24868988716485496,0.0,100.0,-1.0,-1.8369701987210297e-16,-0.9886775902323404,-0.15005539834465262,2,17.53,8.04,wind_spike_4,18
2023-09-22 19:00:00+05:30,GAD_W1,wind,C2_Gadag,0.0,0.4054,26.0,0.881,100.0,0.2655561174868088,0.9640954042341101,0.9685831611286311,0.24868988716485496,0.0,100.0,-0.9659258262890684,0.2588190451025203,-0.9886775902323404,-0.15005539834465262,2,26.898,8.81,wind_spike_4,19
2023-09-22 20:00:00+05:30,GAD_W1,wind,C2_Gadag,0.0,0.3225,26.0,0.954,100.0,0.2655561174868088,0.9640954042341101,0.9685831611286311,0.24868988716485496,0.0,100.0,-0.8660254037844386,0.5000000000000001,-0.9886775902323404,-0.15005539834465262,2,18.916,8.17,wind_spike_4,20
2023-09-22 21:00:00+05:30,GAD_W1,wind,C2_Gadag,0.0,0.2355,26.0,1.349,100.0,0.2655561174868088,0.9640954042341101,0.9685831611286311,0.24868988716485496,0.0,100.0,-0.7071067811865477,0.7071067811865474,-0.9886775902323404,-0.15005539834465262,2,11.676,7.4,wind_spike_4,21
2023-09-22 22:00:00+05:30,GAD_W1,wind,C2_Gadag,0.0,0.3848,26.0,1.331,100.0,0.2655561174868088,0.9640954042341101,0.9685831611286311,0.24868988716485496,0.0,100.0,-0.5000000000000004,0.8660254037844384,-0.9886775902323404,-0.15005539834465262,2,24.741,8.65,wind_spike_4,22
2023-09-22 23:00:00+05:30,GAD_W1,wind,C2_Gadag,0.0,0.3525,26.0,1.272,100.0,0.2655561174868088,0.9640954042341101,0.9685831611286311,0.24868988716485496,0.0,100.0,-0.25881904510252157,0.9659258262890681,-0.9886775902323404,-0.15005539834465262,2,21.588,8.4,wind_spike_4,23
2023-09-23 00:00:00+05:30,GAD_W1,wind,C2_Gadag,0.0,0.856,26.0,1.966,100.0,0.2655561174868088,0.9640954042341101,0.9685831611286311,0.24868988716485496,0.0,100.0,0.0,1.0,-0.9911140639934546,-0.13301470653419636,2,100.0,12.0,wind_spike_4,24
2023-09-23 01:00:00+05:30,GAD_W1,wind,C2_Gadag,0.0,1.0,26.0,3.439,100.0,0.2655561174868088,0.9640954042341101,0.9685831611286311,0.24868988716485496,0.0,100.0,0.25881904510252074,0.9659258262890683,-0.9911140639934546,-0.13301470653419636,2,100.0,18.0,wind_spike_4,25
2023-09-23 02:00:00+05:30,GAD_W1,wind,C2_Gadag,0.0,1.0,26.0,4.654,100.0,0.2655561174868088,0.9640954042341101,0.9685831611286311,0.24868988716485496,0.0,100.0,0.49999999999999994,0.8660254037844387,-0.9911140639934546,-0.13301470653419636,2,100.0,22.0,wind_spike_4,26
2023-09-23 03:00:00+05:30,GAD_W1,wind,C2_Gadag,0.0,1.0,26.0,6.236,100.0,0.2655561174868088,0.9640954042341101,0.9685831611286311,0.24868988716485496,0.0,100.0,0.7071067811865475,0.7071067811865476,-0.9911140639934546,-0.13301470653419636,2,100.0,22.75,wind_spike_4,27
2023-09-23 04:00:00+05:30,GAD_W1,wind,C2_Gadag,0.0,1.0,26.0,7.83,100.0,0.2655561174868088,0.9640954042341101,0.9685831611286311,0.24868988716485496,0.0,100.0,0.8660254037844386,0.5000000000000001,-0.9911140639934546,-0.13301470653419636,2,100.0,23.19,wind_spike_4,28
2023-09-23 05:00:00+05:30,GAD_W1,wind,C2_Gadag,0.0,1.0,26.0,4.503,100.0,0.2655561174868088,0.9640954042341101,0.9685831611286311,0.24868988716485496,0.0,100.0,0.9659258262890683,0.25881904510252074,-0.9911140639934546,-0.13301470653419636,2,100.0,22.94,wind_spike_4,29
2023-09-23 06:00:00+05:30,GAD_W1,wind,C2_Gadag,0.0,0.0,26.0,6.336,100.0,0.2655561174868088,0.9640954042341101,0.9685831611286311,0.24868988716485496,0.0,100.0,1.0,6.123233995736766e-17,-0.9911140639934546,-0.13301470653419636,2,0.0,26.5,wind_spike_4,30
2023-09-23 07:00:00+05:30,GAD_W1,wind,C2_Gadag,0.0,0.0,26.0,4.698,100.0,0.2655561174868088,0.9640954042341101,0.9685831611286311,0.24868988716485496,0.0,100.0,0.9659258262890683,-0.25881904510252063,-0.9911140639934546,-0.13301470653419636,2,0.0,27.0,wind_spike_4,31
2023-09-23 08:00:00+05:30,GAD_W1,wind,C2_Gadag,0.0,1.0,26.0,4.084,100.0,0.2655561174868088,0.9640954042341101,0.9685831611286311,0.24868988716485496,0.0,100.0,0.8660254037844387,-0.49999999999999983,-0.9911140639934546,-0.13301470653419636,2,100.0,24.5,wind_spike_4,32
2023-09-23 09:00:00+05:30,GAD_W1,wind,C2_Gadag,0.0,1.0,26.0,2.219,100.0,0.2655561174868088,0.9640954042341101,0.9685831611286311,0.24868988716485496,0.0,100.0,0.7071067811865476,-0.7071067811865475,-0.9911140639934546,-0.13301470653419636,2,100.0,20.0,wind_spike_4,33
2023-09-23 10:00:00+05:30,GAD_W1,wind,C2_Gadag,0.0,0.995,26.0,3.373,100.0,0.2655561174868088,0.9640954042341101,0.9685831611286311,0.24868988716485496,0.0,100.0,0.49999999999999994,-0.8660254037844387,-0.9911140639934546,-0.13301470653419636,2,100.0,15.0,wind_spike_4,34
2023-09-23 11:00:00+05:30,GAD_W1,wind,C2_Gadag,0.0,0.5261,26.0,3.945,100.0,0.2655561174868088,0.9640954042341101,0.9685831611286311,0.24868988716485496,0.0,100.0,0.258819045102521,-0.9659258262890682,-0.9911140639934546,-0.13301470653419636,2,40.748,9.67,wind_spike_4,35
2023-09-23 12:00:00+05:30,GAD_W1,wind,C2_Gadag,0.0,0.4912,26.0,4.071,100.0,0.2655561174868088,0.9640954042341101,0.9685831611286311,0.24868988716485496,0.0,100.0,1.2246467991473532e-16,-1.0,-0.9911140639934546,-0.13301470653419636,2,36.434,9.43,wind_spike_4,36
2023-09-23 13:00:00+05:30,GAD_W1,wind,C2_Gadag,0.0,0.4022,26.0,3.942,100.0,0.2655561174868088,0.9640954042341101,0.9685831611286311,0.24868988716485496,0.0,100.0,-0.2588190451025208,-0.9659258262890683,-0.9911140639934546,-0.13301470653419636,2,26.552,8.78,wind_spike_4,37
2023-09-23 14:00:00+05:30,GAD_W1,wind,C2_Gadag,0.0,0.541,26.0,3.527,100.0,0.2655561174868088,0.9640954042341101,0.9685831611286311,0.24868988716485496,0.0,100.0,-0.4999999999999998,-0.8660254037844388,-0.9911140639934546,-0.13301470653419636,2,42.675,9.78,wind_spike_4,38
2023-09-23 15:00:00+05:30,GAD_W1,wind,C2_Gadag,0.0,0.2875,26.0,2.859,100.0,0.2655561174868088,0.9640954042341101,0.9685831611286311,0.24868988716485496,0.0,100.0,-0.7071067811865471,-0.7071067811865479,-0.9911140639934546,-0.13301470653419636,2,15.903,7.88,wind_spike_4,39
2023-09-23 16:00:00+05:30,GAD_W1,wind,C2_Gadag,0.0,0.3104,26.0,2.103,100.0,0.2655561174868088,0.9640954042341101,0.9685831611286311,0.24868988716485496,0.0,100.0,-0.8660254037844384,-0.5000000000000004,-0.9911140639934546,-0.13301470653419636,2,17.909,8.07,wind_spike_4,40
2023-09-23 17:00:00+05:30,GAD_W1,wind,C2_Gadag,0.0,0.3723,26.0,1.416,100.0,0.2655561174868088,0.9640954042341101,0.9685831611286311,0.24868988716485496,0.0,100.0,-0.9659258262890683,-0.25881904510252063,-0.9911140639934546,-0.13301470653419636,2,23.483,8.55,wind_spike_4,41
2023-09-23 18:00:00+05:30,GAD_W1,wind,C2_Gadag,0.0,0.4358,26.0,1.156,100.0,0.2655561174868088,0.9640954042341101,0.9685831611286311,0.24868988716485496,0.0,100.0,-1.0,-1.8369701987210297e-16,-0.9911140639934546,-0.13301470653419636,2,30.234,9.04,wind_spike_4,42
2023-09-23 19:00:00+05:30,GAD_W1,wind,C2_Gadag,0.0,0.5386,26.0,0.845,100.0,0.2655561174868088,0.9640954042341101,0.9685831611286311,0.24868988716485496,0.0,100.0,-0.9659258262890684,0.2588190451025203,-0.9911140639934546,-0.13301470653419636,2,42.371,9.76,wind_spike_4,43
2023-09-23 20:00:00+05:30,GAD_W1,wind,C2_Gadag,0.0,0.2569,26.0,1.465,100.0,0.2655561174868088,0.9640954042341101,0.9685831611286311,0.24868988716485496,0.0,100.0,-0.8660254037844386,0.5000000000000001,-0.9911140639934546,-0.13301470653419636,2,13.314,7.6,wind_spike_4,44
2023-09-23 21:00:00+05:30,GAD_W1,wind,C2_Gadag,0.0,0.4912,26.0,1.765,100.0,0.2655561174868088,0.9640954042341101,0.9685831611286311,0.24868988716485496,0.0,100.0,-0.7071067811865477,0.7071067811865474,-0.9911140639934546,-0.13301470653419636,2,36.427,9.43,wind_spike_4,45
2023-09-23 22:00:00+05:30,GAD_W1,wind,C2_Gadag,0.0,0.2938,26.0,0.759,100.0,0.2655561174868088,0.9640954042341101,0.9685831611286311,0.24868988716485496,0.0,100.0,-0.5000000000000004,0.8660254037844384,-0.9911140639934546,-0.13301470653419636,2,16.478,7.93,wind_spike_4,46
2023-09-23 23:00:00+05:30,GAD_W1,wind,C2_Gadag,0.0,0.4783,26.0,1.138,100.0,0.2655561174868088,0.9640954042341101,0.9685831611286311,0.24868988716485496,0.0,100.0,-0.25881904510252157,0.9659258262890681,-0.9911140639934546,-0.13301470653419636,2,34.919,9.34,wind_spike_4,47
2023-09-24 00:00:00+05:30,GAD_W1,wind,C2_Gadag,0.0,0.4182,26.0,1.18,100.0,0.2655561174868088,0.9640954042341101,0.9685831611286311,0.24868988716485496,0.0,100.0,0.0,1.0,-0.9932568492674143,-0.11593459959550066,2,28.293,8.91,wind_spike_4,48
2023-09-24 01:00:00+05:30,GAD_W1,wind,C2_Gadag,0.0,0.3634,26.0,1.589,100.0,0.2655561174868088,0.9640954042341101,0.9685831611286311,0.24868988716485496,0.0,100.0,0.25881904510252074,0.9659258262890683,-0.9932568492674143,-0.11593459959550066,2,22.616,8.48,wind_spike_4,49
2023-09-24 02:00:00+05:30,GAD_W1,wind,C2_Gadag,0.0,0.3178,26.0,0.9,100.0,0.2655561174868088,0.9640954042341101,0.9685831611286311,0.24868988716485496,0.0,100.0,0.49999999999999994,0.8660254037844387,-0.9932568492674143,-0.11593459959550066,2,18.518,8.13,wind_spike_4,50
2023-09-24 03:00:00+05:30,GAD_W1,wind,C2_Gadag,0.0,0.3786,26.0,1.282,100.0,0.2655561174868088,0.9640954042341101,0.9685831611286311,0.24868988716485496,0.0,100.0,0.7071067811865475,0.7071067811865476,-0.9932568492674143,-0.11593459959550066,2,24.115,8.6,wind_spike_4,51
2023-09-24 04:00:00+05:30,GAD_W1,wind,C2_Gadag,0.0,0.3469,26.0,1.218,100.0,0.2655561174868088,0.9640954042341101,0.9685831611286311,0.24868988716485496,0.0,100.0,0.8660254037844386,0.5000000000000001,-0.9932568492674143,-0.11593459959550066,2,21.076,8.36,wind_spike_4,52
2023-09-24 05:00:00+05:30,GAD_W1,wind,C2_Gadag,0.0,0.3548,26.0,1.11,100.0,0.2655561174868088,0.9640954042341101,0.9685831611286311,0.24868988716485496,0.0,100.0,0.9659258262890683,0.25881904510252074,-0.9932568492674143,-0.11593459959550066,2,21.803,8.42,wind_spike_4,53
2023-09-24 06:00:00+05:30,GAD_W1,wind,C2_Gadag,0.0,0.3545,26.0,0.441,100.0,0.2655561174868088,0.9640954042341101,0.9685831611286311,0.24868988716485496,0.0,100.0,1.0,6.123233995736766e-17,-0.9932568492674143,-0.11593459959550066,2,21.777,8.41,wind_spike_4,54
2023-09-24 07:00:00+05:30,GAD_W1,wind,C2_Gadag,0.0,0.3236,26.0,1.492,100.0,0.2655561174868088,0.9640954042341101,0.9685831611286311,0.24868988716485496,0.0,100.0,0.9659258262890683,-0.25881904510252063,-0.9932568492674143,-0.11593459959550066,2,19.01,8.17,wind_spike_4,55
2023-09-24 08:00:00+05:30,GAD_W1,wind,C2_Gadag,0.0,0.3992,26.0,0.772,100.0,0.2655561174868088,0.9640954042341101,0.9685831611286311,0.24868988716485496,0.0,100.0,0.8660254037844387,-0.49999999999999983,-0.9932568492674143,-0.11593459959550066,2,26.234,8.76,wind_spike_4,56
2023-09-24 09:00:00+05:30,GAD_W1,wind,C2_Gadag,0.0,0.4156,26.0,1.363,100.0,0.2655561174868088,0.9640954042341101,0.9685831611286311,0.24868988716485496,0.0,100.0,0.7071067811865476,-0.7071067811865475,-0.9932568492674143,-0.11593459959550066,2,28.005,8.89,wind_spike_4,57
2023-09-24 10:00:00+05:30,GAD_W1,wind,C2_Gadag,0.0,0.3865,26.0,1.218,100.0,0.2655561174868088,0.9640954042341101,0.9685831611286311,0.24868988716485496,0.0,100.0,0.49999999999999994,-0.8660254037844387,-0.9932568492674143,-0.11593459959550066,2,24.905,8.66,wind_spike_4,58
2023-09-24 11:00:00+05:30,GAD_W1,wind,C2_Gadag,0.0,0.3439,26.0,0.754,100.0,0.2655561174868088,0.9640954042341101,0.9685831611286311,0.24868988716485496,0.0,100.0,0.258819045102521,-0.9659258262890682,-0.9932568492674143,-0.11593459959550066,2,20.802,8.33,wind_spike_4,59
2023-09-24 12:00:00+05:30,GAD_W1,wind,C2_Gadag,0.0,0.3972,26.0,0.942,100.0,0.2655561174868088,0.9640954042341101,0.9685831611286311,0.24868988716485496,0.0,100.0,1.2246467991473532e-16,-1.0,-0.9932568492674143,-0.11593459959550066,2,26.018,8.75,wind_spike_4,60
2023-09-24 13:00:00+05:30,GAD_W1,wind,C2_Gadag,0.0,0.2308,26.0,0.736,100.0,0.2655561174868088,0.9640954042341101,0.9685831611286311,0.24868988716485496,0.0,100.0,-0.2588190451025208,-0.9659258262890683,-0.9932568492674143,-0.11593459959550066,2,11.336,7.36,wind_spike_4,61
2023-09-24 14:00:00+05:30,GAD_W1,wind,C2_Gadag,0.0,0.3577,26.0,1.366,100.0,0.2655561174868088,0.9640954042341101,0.9685831611286311,0.24868988716485496,0.0,100.0,-0.4999999999999998,-0.8660254037844388,-0.9932568492674143,-0.11593459959550066,2,22.078,8.44,wind_spike_4,62
2023-09-24 15:00:00+05:30,GAD_W1,wind,C2_Gadag,0.0,0.4748,26.0,1.547,100.0,0.2655561174868088,0.9640954042341101,0.9685831611286311,0.24868988716485496,0.0,100.0,-0.7071067811865471,-0.7071067811865479,-0.9932568492674143,-0.11593459959550066,2,34.523,9.31,wind_spike_4,63
2023-09-24 16:00:00+05:30,GAD_W1,wind,C2_Gadag,0.0,0.4151,26.0,1.593,100.0,0.2655561174868088,0.9640954042341101,0.9685831611286311,0.24868988716485496,0.0,100.0,-0.8660254037844384,-0.5000000000000004,-0.9932568492674143,-0.11593459959550066,2,27.955,8.88,wind_spike_4,64
2023-09-24 17:00:00+05:30,GAD_W1,wind,C2_Gadag,0.0,0.3725,26.0,1.417,100.0,0.2655561174868088,0.9640954042341101,0.9685831611286311,0.24868988716485496,0.0,100.0,-0.9659258262890683,-0.25881904510252063,-0.9932568492674143,-0.11593459959550066,2,23.504,8.55,wind_spike_4,65
2023-09-24 18:00:00+05:30,GAD_W1,wind,C2_Gadag,0.0,0.3986,26.0,1.729,100.0,0.2655561174868088,0.9640954042341101,0.9685831611286311,0.24868988716485496,0.0,100.0,-1.0,-1.8369701987210297e-16,-0.9932568492674143,-0.11593459959550066,2,26.172,8.76,wind_spike_4,66
2023-09-24 19:00:00+05:30,GAD_W1,wind,C2_Gadag,0.0,0.4429,26.0,0.961,100.0,0.2655561174868088,0.9640954042341101,0.9685831611286311,0.24868988716485496,0.0,100.0,-0.9659258262890684,0.2588190451025203,-0.9932568492674143,-0.11593459959550066,2,30.989,9.09,wind_spike_4,67
2023-09-24 20:00:00+05:30,GAD_W1,wind,C2_Gadag,0.0,0.3245,26.0,1.329,100.0,0.2655561174868088,0.9640954042341101,0.9685831611286311,0.24868988716485496,0.0,100.0,-0.8660254037844386,0.5000000000000001,-0.9932568492674143,-0.11593459959550066,2,19.089,8.18,wind_spike_4,68
2023-09-24 21:00:00+05:30,GAD_W1,wind,C2_Gadag,0.0,0.3503,26.0,1.268,100.0,0.2655561174868088,0.9640954042341101,0.9685831611286311,0.24868988716485496,0.0,100.0,-0.7071067811865477,0.7071067811865474,-0.9932568492674143,-0.11593459959550066,2,21.383,8.38,wind_spike_4,69
2023-09-24 22:00:00+05:30,GAD_W1,wind,C2_Gadag,0.0,0.3524,26.0,0.85,100.0,0.2655561174868088,0.9640954042341101,0.9685831611286311,0.24868988716485496,0.0,100.0,-0.5000000000000004,0.8660254037844384,-0.9932568492674143,-0.11593459959550066,2,21.578,8.4,wind_spike_4,70
2023-09-24 23:00:00+05:30,GAD_W1,wind,C2_Gadag,0.0,0.3165,26.0,0.734,100.0,0.2655561174868088,0.9640954042341101,0.9685831611286311,0.24868988716485496,0.0,100.0,-0.25881904510252157,0.9659258262890681,-0.9932568492674143,-0.11593459959550066,2,18.41,8.12,wind_spike_4,71
2023-11-05 00:00:00+05:30,GAD_W1,wind,C2_Gadag,0.0,0.3679,26.0,0.845,100.0,0.2655561174868088,0.9640954042341101,0.9685831611286311,0.24868988716485496,0.0,100.0,0.0,1.0,-0.8214765533024145,0.5702422926917867,3,23.055,8.52,wind_spike_5,0
2023-11-05 01:00:00+05:30,GAD_W1,wind,C2_Gadag,0.0,0.2906,26.0,1.142,100.0,0.2655561174868088,0.9640954042341101,0.9685831611286311,0.24868988716485496,0.0,100.0,0.25881904510252074,0.9659258262890683,-0.8214765533024145,0.5702422926917867,3,16.182,7.9,wind_spike_5,1
2023-11-05 02:00:00+05:30,GAD_W1,wind,C2_Gadag,0.0,0.3249,26.0,0.897,100.0,0.2655561174868088,0.9640954042341101,0.9685831611286311,0.24868988716485496,0.0,100.0,0.49999999999999994,0.8660254037844387,-0.8214765533024145,0.5702422926917867,3,19.12,8.18,wind_spike_5,2
2023-11-05 03:00:00+05:30,GAD_W1,wind,C2_Gadag,0.0,0.1832,26.0,0.99,100.0,0.2655561174868088,0.9640954042341101,0.9685831611286311,0.24868988716485496,0.0,100.0,0.7071067811865475,0.7071067811865476,-0.8214765533024145,0.5702422926917867,3,8.067,6.89,wind_spike_5,3
2023-11-05 04:00:00+05:30,GAD_W1,wind,C2_Gadag,0.0,0.22,26.0,0.88,100.0,0.2655561174868088,0.9640954042341101,0.9685831611286311,0.24868988716485496,0.0,100.0,0.8660254037844386,0.5000000000000001,-0.8214765533024145,0.5702422926917867,3,10.583,7.26,wind_spike_5,4
2023-11-05 05:00:00+05:30,GAD_W1,wind,C2_Gadag,0.0,0.3428,26.0,1.459,100.0,0.2655561174868088,0.9640954042341101,0.9685831611286311,0.24868988716485496,0.0,100.0,0.9659258262890683,0.25881904510252074,-0.8214765533024145,0.5702422926917867,3,20.697,8.32,wind_spike_5,5
2023-11-05 06:00:00+05:30,GAD_W1,wind,C2_Gadag,0.0,0.2279,26.0,1.14,100.0,0.2655561174868088,0.9640954042341101,0.9685831611286311,0.24868988716485496,0.0,100.0,1.0,6.123233995736766e-17,-0.8214765533024145,0.5702422926917867,3,11.13,7.33,wind_spike_5,6
2023-11-05 07:00:00+05:30,GAD_W1,wind,C2_Gadag,0.0,0.3453,26.0,1.494,100.0,0.2655561174868088,0.9640954042341101,0.9685831611286311,0.24868988716485496,0.0,100.0,0.9659258262890683,-0.25881904510252063,-0.8214765533024145,0.5702422926917867,3,20.924,8.34,wind_spike_5,7
2023-11-05 08:00:00+05:30,GAD_W1,wind,C2_Gadag,0.0,0.3452,26.0,0.86,100.0,0.2655561174868088,0.9640954042341101,0.9685831611286311,0.24868988716485496,0.0,100.0,0.8660254037844387,-0.49999999999999983,-0.8214765533024145,0.5702422926917867,3,20.921,8.34,wind_spike_5,8
2023-11-05 09:00:00+05:30,GAD_W1,wind,C2_Gadag,0.0,0.3261,26.0,1.666,100.0,0.2655561174868088,0.9640954042341101,0.9685831611286311,0.24868988716485496,0.0,100.0,0.7071067811865476,-0.7071067811865475,-0.8214765533024145,0.5702422926917867,3,19.224,8.19,wind_spike_5,9
2023-11-05 10:00:00+05:30,GAD_W1,wind,C2_Gadag,0.0,0.2475,26.0,1.355,100.0,0.2655561174868088,0.9640954042341101,0.9685831611286311,0.24868988716485496,0.0,100.0,0.49999999999999994,-0.8660254037844387,-0.8214765533024145,0.5702422926917867,3,12.574,7.51,wind_spike_5,10
2023-11-05 11:00:00+05:30,GAD_W1,wind,C2_Gadag,0.0,0.2841,26.0,1.073,100.0,0.2655561174868088,0.9640954042341101,0.9685831611286311,0.24868988716485496,0.0,100.0,0.258819045102521,-0.9659258262890682,-0.8214765533024145,0.5702422926917867,3,15.599,7.84,wind_spike_5,11
2023-11-05 12:00:00+05:30,GAD_W1,wind,C2_Gadag,0.0,0.2997,26.0,0.808,100.0,0.2655561174868088,0.9640954042341101,0.9685831611286311,0.24868988716485496,0.0,100.0,1.2246467991473532e-16,-1.0,-0.8214765533024145,0.5702422926917867,3,17.024,7.99,wind_spike_5,12
2023-11-05 13:00:00+05:30,GAD_W1,wind,C2_Gadag,0.0,0.3313,26.0,1.172,100.0,0.2655561174868088,0.9640954042341101,0.9685831611286311,0.24868988716485496,0.0,100.0,-0.2588190451025208,-0.9659258262890683,-0.8214765533024145,0.5702422926917867,3,19.681,8.24,wind_spike_5,13
2023-11-05 14:00:00+05:30,GAD_W1,wind,C2_Gadag,0.0,0.2747,26.0,0.921,100.0,0.2655561174868088,0.9640954042341101,0.9685831611286311,0.24868988716485496,0.0,100.0,-0.4999999999999998,-0.8660254037844388,-0.8214765533024145,0.5702422926917867,3,14.779,7.76,wind_spike_5,14
2023-11-05 15:00:00+05:30,GAD_W1,wind,C2_Gadag,0.0,0.3382,26.0,0.995,100.0,0.2655561174868088,0.9640954042341101,0.9685831611286311,0.24868988716485496,0.0,100.0,-0.7071067811865471,-0.7071067811865479,-0.8214765533024145,0.5702422926917867,3,20.292,8.29,wind_spike_5,15
2023-11-05 16:00:00+05:30,GAD_W1,wind,C2_Gadag,0.0,0.2811,26.0,0.951,100.0,0.2655561174868088,0.9640954042341101,0.9685831611286311,0.24868988716485496,0.0,100.0,-0.8660254037844384,-0.5000000000000004,-0.8214765533024145,0.5702422926917867,3,15.336,7.82,wind_spike_5,16
2023-11-05 17:00:00+05:30,GAD_W1,wind,C2_Gadag,0.0,0.2835,26.0,1.012,100.0,0.2655561174868088,0.9640954042341101,0.9685831611286311,0.24868988716485496,0.0,100.0,-0.9659258262890683,-0.25881904510252063,-0.8214765533024145,0.5702422926917867,3,15.548,7.84,wind_spike_5,17
2023-11-05 18:00:00+05:30,GAD_W1,wind,C2_Gadag,0.0,0.3347,26.0,0.845,100.0,0.2655561174868088,0.9640954042341101,0.9685831611286311,0.24868988716485496,0.0,100.0,-1.0,-1.8369701987210297e-16,-0.8214765533024145,0.5702422926917867,3,19.977,8.26,wind_spike_5,18
2023-11-05 19:00:00+05:30,GAD_W1,wind,C2_Gadag,0.0,0.2656,26.0,0.915,100.0,0.2655561174868088,0.9640954042341101,0.9685831611286311,0.24868988716485496,0.0,100.0,-0.9659258262890684,0.2588190451025203,-0.8214765533024145,0.5702422926917867,3,14.021,7.68,wind_spike_5,19
2023-11-05 20:00:00+05:30,GAD_W1,wind,C2_Gadag,0.0,0.3321,26.0,0.863,100.0,0.2655561174868088,0.9640954042341101,0.9685831611286311,0.24868988716485496,0.0,100.0,-0.8660254037844386,0.5000000000000001,-0.8214765533024145,0.5702422926917867,3,19.747,8.24,wind_spike_5,20
2023-11-05 21:00:00+05:30,GAD_W1,wind,C2_Gadag,0.0,0.3257,26.0,0.744,100.0,0.2655561174868088,0.9640954042341101,0.9685831611286311,0.24868988716485496,0.0,100.0,-0.7071067811865477,0.7071067811865474,-0.8214765533024145,0.5702422926917867,3,19.191,8.19,wind_spike_5,21
2023-11-05 22:00:00+05:30,GAD_W1,wind,C2_Gadag,0.0,0.2803,26.0,1.123,100.0,0.2655561174868088,0.9640954042341101,0.9685831611286311,0.24868988716485496,0.0,100.0,-0.5000000000000004,0.8660254037844384,-0.8214765533024145,0.5702422926917867,3,15.266,7.81,wind_spike_5,22
2023-11-05 23:00:00+05:30,GAD_W1,wind,C2_Gadag,0.0,0.3506,26.0,0.897,100.0,0.2655561174868088,0.9640954042341101,0.9685831611286311,0.24868988716485496,0.0,100.0,-0.25881904510252157,0.9659258262890681,-0.8214765533024145,0.5702422926917867,3,21.41,8.38,wind_spike_5,23
2023-11-06 00:00:00+05:30,GAD_W1,wind,C2_Gadag,0.0,0.856,26.0,1.471,100.0,0.2655561174868088,0.9640954042341101,0.9685831611286311,0.24868988716485496,0.0,100.0,0.0,1.0,-0.8115390590073611,0.5842981736283683,3,100.0,12.0,wind_spike_5,24
2023-11-06 01:00:00+05:30,GAD_W1,wind,C2_Gadag,0.0,1.0,26.0,3.866,100.0,0.2655561174868088,0.9640954042341101,0.9685831611286311,0.24868988716485496,0.0,100.0,0.25881904510252074,0.9659258262890683,-0.8115390590073611,0.5842981736283683,3,100.0,18.0,wind_spike_5,25
2023-11-06 02:00:00+05:30,GAD_W1,wind,C2_Gadag,0.0,1.0,26.0,6.176,100.0,0.2655561174868088,0.9640954042341101,0.9685831611286311,0.24868988716485496,0.0,100.0,0.49999999999999994,0.8660254037844387,-0.8115390590073611,0.5842981736283683,3,100.0,22.0,wind_spike_5,26
2023-11-06 03:00:00+05:30,GAD_W1,wind,C2_Gadag,0.0,1.0,26.0,4.763,100.0,0.2655561174868088,0.9640954042341101,0.9685831611286311,0.24868988716485496,0.0,100.0,0.7071067811865475,0.7071067811865476,-0.8115390590073611,0.5842981736283683,3,100.0,22.3,wind_spike_5,27
2023-11-06 04:00:00+05:30,GAD_W1,wind,C2_Gadag,0.0,1.0,26.0,3.941,100.0,0.2655561174868088,0.9640954042341101,0.9685831611286311,0.24868988716485496,0.0,100.0,0.8660254037844386,0.5000000000000001,-0.8115390590073611,0.5842981736283683,3,100.0,23.27,wind_spike_5,28
2023-11-06 05:00:00+05:30,GAD_W1,wind,C2_Gadag,0.0,1.0,26.0,3.909,100.0,0.2655561174868088,0.9640954042341101,0.9685831611286311,0.24868988716485496,0.0,100.0,0.9659258262890683,0.25881904510252074,-0.8115390590073611,0.5842981736283683,3,100.0,22.54,wind_spike_5,29
2023-11-06 06:00:00+05:30,GAD_W1,wind,C2_Gadag,0.0,0.0,26.0,6.872,100.0,0.2655561174868088,0.9640954042341101,0.9685831611286311,0.24868988716485496,0.0,100.0,1.0,6.123233995736766e-17,-0.8115390590073611,0.5842981736283683,3,0.0,26.5,wind_spike_5,30
2023-11-06 07:00:00+05:30,GAD_W1,wind,C2_Gadag,0.0,0.0,26.0,3.935,100.0,0.2655561174868088,0.9640954042341101,0.9685831611286311,0.24868988716485496,0.0,100.0,0.9659258262890683,-0.25881904510252063,-0.8115390590073611,0.5842981736283683,3,0.0,27.0,wind_spike_5,31
2023-11-06 08:00:00+05:30,GAD_W1,wind,C2_Gadag,0.0,1.0,26.0,4.856,100.0,0.2655561174868088,0.9640954042341101,0.9685831611286311,0.24868988716485496,0.0,100.0,0.8660254037844387,-0.49999999999999983,-0.8115390590073611,0.5842981736283683,3,100.0,24.5,wind_spike_5,32
2023-11-06 09:00:00+05:30,GAD_W1,wind,C2_Gadag,0.0,1.0,26.0,2.776,100.0,0.2655561174868088,0.9640954042341101,0.9685831611286311,0.24868988716485496,0.0,100.0,0.7071067811865476,-0.7071067811865475,-0.8115390590073611,0.5842981736283683,3,100.0,20.0,wind_spike_5,33
2023-11-06 10:00:00+05:30,GAD_W1,wind,C2_Gadag,0.0,0.995,26.0,3.814,100.0,0.2655561174868088,0.9640954042341101,0.9685831611286311,0.24868988716485496,0.0,100.0,0.49999999999999994,-0.8660254037844387,-0.8115390590073611,0.5842981736283683,3,100.0,15.0,wind_spike_5,34
2023-11-06 11:00:00+05:30,GAD_W1,wind,C2_Gadag,0.0,0.4288,26.0,2.473,100.0,0.2655561174868088,0.9640954042341101,0.9685831611286311,0.24868988716485496,0.0,100.0,0.258819045102521,-0.9659258262890682,-0.8115390590073611,0.5842981736283683,3,29.497,8.99,wind_spike_5,35
2023-11-06 12:00:00+05:30,GAD_W1,wind,C2_Gadag,0.0,0.3601,26.0,4.844,100.0,0.2655561174868088,0.9640954042341101,0.9685831611286311,0.24868988716485496,0.0,100.0,1.2246467991473532e-16,-1.0,-0.8115390590073611,0.5842981736283683,3,22.306,8.46,wind_spike_5,36
2023-11-06 13:00:00+05:30,GAD_W1,wind,C2_Gadag,0.0,0.3396,26.0,4.559,100.0,0.2655561174868088,0.9640954042341101,0.9685831611286311,0.24868988716485496,0.0,100.0,-0.2588190451025208,-0.9659258262890683,-0.8115390590073611,0.5842981736283683,3,20.411,8.3,wind_spike_5,37
2023-11-06 14:00:00+05:30,GAD_W1,wind,C2_Gadag,0.0,0.3685,26.0,2.261,100.0,0.2655561174868088,0.9640954042341101,0.9685831611286311,0.24868988716485496,0.0,100.0,-0.4999999999999998,-0.8660254037844388,-0.8115390590073611,0.5842981736283683,3,23.108,8.52,wind_spike_5,38
2023-11-06 15:00:00+05:30,GAD_W1,wind,C2_Gadag,0.0,0.2269,26.0,2.504,100.0,0.2655561174868088,0.9640954042341101,0.9685831611286311,0.24868988716485496,0.0,100.0,-0.7071067811865471,-0.7071067811865479,-0.8115390590073611,0.5842981736283683,3,11.062,7.32,wind_spike_5,39
2023-11-06 16:00:00+05:30,GAD_W1,wind,C2_Gadag,0.0,0.4903,26.0,2.025,100.0,0.2655561174868088,0.9640954042341101,0.9685831611286311,0.24868988716485496,0.0,100.0,-0.8660254037844384,-0.5000000000000004,-0.8115390590073611,0.5842981736283683,3,36.332,9.42,wind_spike_5,40
2023-11-06 17:00:00+05:30,GAD_W1,wind,C2_Gadag,0.0,0.5964,26.0,0.96,100.0,0.2655561174868088,0.9640954042341101,0.9685831611286311,0.24868988716485496,0.0,100.0,-0.9659258262890683,-0.25881904510252063,-0.8115390590073611,0.5842981736283683,3,50.359,10.16,wind_spike_5,41
2023-11-06 18:00:00+05:30,GAD_W1,wind,C2_Gadag,0.0,0.4575,26.0,2.234,100.0,0.2655561174868088,0.9640954042341101,0.9685831611286311,0.24868988716485496,0.0,100.0,-1.0,-1.8369701987210297e-16,-0.8115390590073611,0.5842981736283683,3,32.569,9.19,wind_spike_5,42
2023-11-06 19:00:00+05:30,GAD_W1,wind,C2_Gadag,0.0,0.3863,26.0,1.23,100.0,0.2655561174868088,0.9640954042341101,0.9685831611286311,0.24868988716485496,0.0,100.0,-0.9659258262890684,0.2588190451025203,-0.8115390590073611,0.5842981736283683,3,24.892,8.66,wind_spike_5,43
2023-11-06 20:00:00+05:30,GAD_W1,wind,C2_Gadag,0.0,0.5147,26.0,1.661,100.0,0.2655561174868088,0.9640954042341101,0.9685831611286311,0.24868988716485496,0.0,100.0,-0.8660254037844386,0.5000000000000001,-0.8115390590073611,0.5842981736283683,3,39.303,9.59,wind_spike_5,44
2023-11-06 21:00:00+05:30,GAD_W1,wind,C2_Gadag,0.0,0.5513,26.0,1.647,100.0,0.2655561174868088,0.9640954042341101,0.9685831611286311,0.24868988716485496,0.0,100.0,-0.7071067811865477,0.7071067811865474,-0.8115390590073611,0.5842981736283683,3,44.058,9.85,wind_spike_5,45
2023-11-06 22:00:00+05:30,GAD_W1,wind,C2_Gadag,0.0,0.3562,26.0,1.166,100.0,0.2655561174868088,0.9640954042341101,0.9685831611286311,0.24868988716485496,0.0,100.0,-0.5000000000000004,0.8660254037844384,-0.8115390590073611,0.5842981736283683,3,21.935,8.43,wind_spike_5,46
2023-11-06 23:00:00+05:30,GAD_W1,wind,C2_Gadag,0.0,0.4469,26.0,1.584,100.0,0.2655561174868088,0.9640954042341101,0.9685831611286311,0.24868988716485496,0.0,100.0,-0.25881904510252157,0.9659258262890681,-0.8115390590073611,0.5842981736283683,3,31.415,9.12,wind_spike_5,47
2023-11-07 00:00:00+05:30,GAD_W1,wind,C2_Gadag,0.0,0.4522,26.0,1.427,100.0,0.2655561174868088,0.9640954042341101,0.9685831611286311,0.24868988716485496,0.0,100.0,0.0,1.0,-0.8013610881746769,0.5981809144059159,3,31.993,9.16,wind_spike_5,48
2023-11-07 01:00:00+05:30,GAD_W1,wind,C2_Gadag,0.0,0.4026,26.0,1.067,100.0,0.2655561174868088,0.9640954042341101,0.9685831611286311,0.24868988716485496,0.0,100.0,0.25881904510252074,0.9659258262890683,-0.8013610881746769,0.5981809144059159,3,26.592,8.79,wind_spike_5,49
2023-11-07 02:00:00+05:30,GAD_W1,wind,C2_Gadag,0.0,0.292,26.0,0.789,100.0,0.2655561174868088,0.9640954042341101,0.9685831611286311,0.24868988716485496,0.0,100.0,0.49999999999999994,0.8660254037844387,-0.8013610881746769,0.5981809144059159,3,16.315,7.92,wind_spike_5,50
2023-11-07 03:00:00+05:30,GAD_W1,wind,C2_Gadag,0.0,0.355,26.0,1.579,100.0,0.2655561174868088,0.9640954042341101,0.9685831611286311,0.24868988716485496,0.0,100.0,0.7071067811865475,0.7071067811865476,-0.8013610881746769,0.5981809144059159,3,21.823,8.42,wind_spike_5,51
2023-11-07 04:00:00+05:30,GAD_W1,wind,C2_Gadag,0.0,0.3785,26.0,0.852,100.0,0.2655561174868088,0.9640954042341101,0.9685831611286311,0.24868988716485496,0.0,100.0,0.8660254037844386,0.5000000000000001,-0.8013610881746769,0.5981809144059159,3,24.102,8.6,wind_spike_5,52
2023-11-07 05:00:00+05:30,GAD_W1,wind,C2_Gadag,0.0,0.477,26.0,1.865,100.0,0.2655561174868088,0.9640954042341101,0.9685831611286311,0.24868988716485496,0.0,100.0,0.9659258262890683,0.25881904510252074,-0.8013610881746769,0.5981809144059159,3,34.766,9.33,wind_spike_5,53
2023-11-07 06:00:00+05:30,GAD_W1,wind,C2_Gadag,0.0,0.3757,26.0,0.694,100.0,0.2655561174868088,0.9640954042341101,0.9685831611286311,0.24868988716485496,0.0,100.0,1.0,6.123233995736766e-17,-0.8013610881746769,0.5981809144059159,3,23.822,8.58,wind_spike_5,54
2023-11-07 07:00:00+05:30,GAD_W1,wind,C2_Gadag,0.0,0.3894,26.0,0.952,100.0,0.2655561174868088,0.9640954042341101,0.9685831611286311,0.24868988716485496,0.0,100.0,0.9659258262890683,-0.25881904510252063,-0.8013610881746769,0.5981809144059159,3,25.205,8.69,wind_spike_5,55
2023-11-07 08:00:00+05:30,GAD_W1,wind,C2_Gadag,0.0,0.3199,26.0,1.065,100.0,0.2655561174868088,0.9640954042341101,0.9685831611286311,0.24868988716485496,0.0,100.0,0.8660254037844387,-0.49999999999999983,-0.8013610881746769,0.5981809144059159,3,18.697,8.15,wind_spike_5,56
2023-11-07 09:00:00+05:30,GAD_W1,wind,C2_Gadag,0.0,0.3002,26.0,1.196,100.0,0.2655561174868088,0.9640954042341101,0.9685831611286311,0.24868988716485496,0.0,100.0,0.7071067811865476,-0.7071067811865475,-0.8013610881746769,0.5981809144059159,3,17.071,7.99,wind_spike_5,57
2023-11-07 10:00:00+05:30,GAD_W1,wind,C2_Gadag,0.0,0.4038,26.0,1.116,100.0,0.2655561174868088,0.9640954042341101,0.9685831611286311,0.24868988716485496,0.0,100.0,0.49999999999999994,-0.8660254037844387,-0.8013610881746769,0.5981809144059159,3,26.723,8.8,wind_spike_5,58
2023-11-07 11:00:00+05:30,GAD_W1,wind,C2_Gadag,0.0,0.4231,26.0,1.513,100.0,0.2655561174868088,0.9640954042341101,0.9685831611286311,0.24868988716485496,0.0,100.0,0.258819045102521,-0.9659258262890682,-0.8013610881746769,0.5981809144059159,3,28.845,8.95,wind_spike_5,59
2023-11-07 12:00:00+05:30,GAD_W1,wind,C2_Gadag,0.0,0.4367,26.0,1.284,100.0,0.2655561174868088,0.9640954042341101,0.9685831611286311,0.24868988716485496,0.0,100.0,1.2246467991473532e-16,-1.0,-0.8013610881746769,0.5981809144059159,3,30.329,9.05,wind_spike_5,60
2023-11-07 13:00:00+05:30,GAD_W1,wind,C2_Gadag,0.0,0.2938,26.0,1.312,100.0,0.2655561174868088,0.9640954042341101,0.9685831611286311,0.24868988716485496,0.0,100.0,-0.2588190451025208,-0.9659258262890683,-0.8013610881746769,0.5981809144059159,3,16.474,7.93,wind_spike_5,61
2023-11-07 14:00:00+05:30,GAD_W1,wind,C2_Gadag,0.0,0.2822,26.0,1.181,100.0,0.2655561174868088,0.9640954042341101,0.9685831611286311,0.24868988716485496,0.0,100.0,-0.4999999999999998,-0.8660254037844388,-0.8013610881746769,0.5981809144059159,3,15.434,7.83,wind_spike_5,62
2023-11-07 15:00:00+05:30,GAD_W1,wind,C2_Gadag,0.0,0.4739,26.0,0.96,100.0,0.2655561174868088,0.9640954042341101,0.9685831611286311,0.24868988716485496,0.0,100.0,-0.7071067811865471,-0.7071067811865479,-0.8013610881746769,0.5981809144059159,3,34.409,9.31,wind_spike_5,63
2023-11-07 16:00:00+05:30,GAD_W1,wind,C2_Gadag,0.0,0.3262,26.0,0.853,100.0,0.2655561174868088,0.9640954042341101,0.9685831611286311,0.24868988716485496,0.0,100.0,-0.8660254037844384,-0.5000000000000004,-0.8013610881746769,0.5981809144059159,3,19.239,8.2,wind_spike_5,64
2023-11-07 17:00:00+05:30,GAD_W1,wind,C2_Gadag,0.0,0.4208,26.0,1.318,100.0,0.2655561174868088,0.9640954042341101,0.9685831611286311,0.24868988716485496,0.0,100.0,-0.9659258262890683,-0.25881904510252063,-0.8013610881746769,0.5981809144059159,3,28.583,8.93,wind_spike_5,65
2023-11-07 18:00:00+05:30,GAD_W1,wind,C2_Gadag,0.0,0.2822,26.0,1.592,100.0,0.2655561174868088,0.9640954042341101,0.9685831611286311,0.24868988716485496,0.0,100.0,-1.0,-1.8369701987210297e-16,-0.8013610881746769,0.5981809144059159,3,15.433,7.83,wind_spike_5,66
2023-11-07 19:00:00+05:30,GAD_W1,wind,C2_Gadag,0.0,0.3838,26.0,1.534,100.0,0.2655561174868088,0.9640954042341101,0.9685831611286311,0.24868988716485496,0.0,100.0,-0.9659258262890684,0.2588190451025203,-0.8013610881746769,0.5981809144059159,3,24.633,8.64,wind_spike_5,67
2023-11-07 20:00:00+05:30,GAD_W1,wind,C2_Gadag,0.0,0.3666,26.0,0.895,100.0,0.2655561174868088,0.9640954042341101,0.9685831611286311,0.24868988716485496,0.0,100.0,-0.8660254037844386,0.5000000000000001,-0.8013610881746769,0.5981809144059159,3,22.93,8.51,wind_spike_5,68
2023-11-07 21:00:00+05:30,GAD_W1,wind,C2_Gadag,0.0,0.378,26.0,1.696,100.0,0.2655561174868088,0.9640954042341101,0.9685831611286311,0.24868988716485496,0.0,100.0,-0.7071067811865477,0.7071067811865474,-0.8013610881746769,0.5981809144059159,3,24.052,8.6,wind_spike_5,69
2023-11-07 22:00:00+05:30,GAD_W1,wind,C2_Gadag,0.0,0.3445,26.0,1.062,100.0,0.2655561174868088,0.9640954042341101,0.9685831611286311,0.24868988716485496,0.0,100.0,-0.5000000000000004,0.8660254037844384,-0.8013610881746769,0.5981809144059159,3,20.854,8.34,wind_spike_5,70
2023-11-07 23:00:00+05:30,GAD_W1,wind,C2_Gadag,0.0,0.4462,26.0,1.826,100.0,0.2655561174868088,0.9640954042341101,0.9685831611286311,0.24868988716485496,0.0,100.0,-0.25881904510252157,0.9659258262890681,-0.8013610881746769,0.5981809144059159,3,31.338,9.11,wind_spike_5,71
