timestamp,plant_id,plant_type,cluster_id,CMF,power_curve_fraction,temperature,nwp_spread,capacity_mw,lat_sin,lat_cos,lon_sin,lon_cos,tilt_angle_deg,hub_height_m,hour_sin,hour_cos,doy_sin,doy_cos,season,actual_generation_mw,event_id,day_in_event,hour_in_event
2023-07-15 00:00:00+05:30,PVG_S1,solar,C1_Pavagada,0.0,0.0,29.769678014604466,0.0,150.0,0.25038000405444144,0.9681476403781077,0.9751493543055633,0.22154849761946724,15.0,0.0,0.0,1.0,-0.23030567023061196,-0.973118337233262,2,0.0,sustained_low_irradiance,1,0
2023-07-15 01:00:00+05:30,PVG_S1,solar,C1_Pavagada,0.0,0.0,25.820856368146853,0.0,150.0,0.25038000405444144,0.9681476403781077,0.9751493543055633,0.22154849761946724,15.0,0.0,0.25881904510252074,0.9659258262890683,-0.23030567023061196,-0.973118337233262,2,0.0,sustained_low_irradiance,1,1
2023-07-15 02:00:00+05:30,PVG_S1,solar,C1_Pavagada,0.0,0.0,27.31498026387026,0.0,150.0,0.25038000405444144,0.9681476403781077,0.9751493543055633,0.22154849761946724,15.0,0.0,0.49999999999999994,0.8660254037844387,-0.23030567023061196,-0.973118337233262,2,0.0,sustained_low_irradiance,1,2
2023-07-15 03:00:00+05:30,PVG_S1,solar,C1_Pavagada,0.0,0.0,26.308403143619017,0.0,150.0,0.25038000405444144,0.9681476403781077,0.9751493543055633,0.22154849761946724,15.0,0.0,0.7071067811865476,0.7071067811865476,-0.23030567023061196,-0.973118337233262,2,0.0,sustained_low_irradiance,1,3
2023-07-15 04:00:00+05:30,PVG_S1,solar,C1_Pavagada,0.0,0.0,27.59914285288363,0.0,150.0,0.25038000405444144,0.9681476403781077,0.9751493543055633,0.22154849761946724,15.0,0.0,0.8660254037844386,0.5000000000000001,-0.23030567023061196,-0.973118337233262,2,0.0,sustained_low_irradiance,1,4
2023-07-15 05:00:00+05:30,PVG_S1,solar,C1_Pavagada,0.0,0.0,27.612102936270816,0.0,150.0,0.25038000405444144,0.9681476403781077,0.9751493543055633,0.22154849761946724,15.0,0.0,0.9659258262890683,0.25881904510252074,-0.23030567023061196,-0.973118337233262,2,0.0,sustained_low_irradiance,1,5
2023-07-15 06:00:00+05:30,PVG_S1,solar,C1_Pavagada,0.0907,0.0,26.179937521419795,11.368,150.0,0.25038000405444144,0.9681476403781077,0.9751493543055633,0.22154849761946724,15.0,0.0,1.0,6.123233995736766e-17,-0.23030567023061196,-0.973118337233262,2,0.863,sustained_low_irradiance,1,6
2023-07-15 07:00:00+05:30,PVG_S1,solar,C1_Pavagada,0.1524,0.0,27.390448361230902,67.104,150.0,0.25038000405444144,0.9681476403781077,0.9751493543055633,0.22154849761946724,15.0,0.0,0.9659258262890683,-0.25881904510252063,-0.23030567023061196,-0.973118337233262,2,5.116,sustained_low_irradiance,1,7
2023-07-15 08:00:00+05:30,PVG_S1,solar,C1_Pavagada,0.1374,0.0,26.530037918030146,115.832,150.0,0.25038000405444144,0.9681476403781077,0.9751493543055633,0.22154849761946724,15.0,0.0,0.8660254037844387,-0.4999999999999998,-0.23030567023061196,-0.973118337233262,2,7.715,sustained_low_irradiance,1,8
2023-07-15 09:00:00+05:30,PVG_S1,solar,C1_Pavagada,0.0892,0.0,27.588577658884528,122.683,150.0,0.25038000405444144,0.9681476403781077,0.9751493543055633,0.22154849761946724,15.0,0.0,0.7071067811865476,-0.7071067811865475,-0.23030567023061196,-0.973118337233262,2,6.711,sustained_low_irradiance,1,9
2023-07-15 10:00:00+05:30,PVG_S1,solar,C1_Pavagada,0.1281,0.0,26.765064050393192,145.625,150.0,0.25038000405444144,0.9681476403781077,0.9751493543055633,0.22154849761946724,15.0,0.0,0.49999999999999994,-0.8660254037844387,-0.23030567023061196,-0.973118337233262,2,11.564,sustained_low_irradiance,1,10
2023-07-15 11:00:00+05:30,PVG_S1,solar,C1_Pavagada,0.1325,0.0,27.348302180271887,174.665,150.0,0.25038000405444144,0.9681476403781077,0.9751493543055633,0.22154849761946724,15.0,0.0,0.258819045102521,-0.9659258262890682,-0.23030567023061196,-0.973118337233262,2,13.172,sustained_low_irradiance,1,11
2023-07-15 12:00:00+05:30,PVG_S1,solar,C1_Pavagada,0.0927,0.0,26.259767338258655,210.06,150.0,0.25038000405444144,0.9681476403781077,0.9751493543055633,0.22154849761946724,15.0,0.0,1.2246467991473532e-16,-1.0,-0.23030567023061196,-0.973118337233262,2,9.535,sustained_low_irradiance,1,12
2023-07-15 13:00:00+05:30,PVG_S1,solar,C1_Pavagada,0.1221,0.0,27.261359780772484,213.818,150.0,0.25038000405444144,0.9681476403781077,0.9751493543055633,0.22154849761946724,15.0,0.0,-0.2588190451025208,-0.9659258262890683,-0.23030567023061196,-0.973118337233262,2,12.141,sustained_low_irradiance,1,13
2023-07-15 14:00:00+05:30,PVG_S1,solar,C1_Pavagada,0.1877,0.0,25.990046539724457,107.906,150.0,0.25038000405444144,0.9681476403781077,0.9751493543055633,0.22154849761946724,15.0,0.0,-0.4999999999999997,-0.8660254037844388,-0.23030567023061196,-0.973118337233262,2,16.976,sustained_low_irradiance,1,14
2023-07-15 15:00:00+05:30,PVG_S1,solar,C1_Pavagada,0.1024,0.0,26.5685325950361,74.521,150.0,0.25038000405444144,0.9681476403781077,0.9751493543055633,0.22154849761946724,15.0,0.0,-0.7071067811865471,-0.7071067811865479,-0.23030567023061196,-0.973118337233262,2,7.731,sustained_low_irradiance,1,15
2023-07-15 16:00:00+05:30,PVG_S1,solar,C1_Pavagada,0.0755,0.0,25.81864393888985,69.277,150.0,0.25038000405444144,0.9681476403781077,0.9751493543055633,0.22154849761946724,15.0,0.0,-0.8660254037844385,-0.5000000000000004,-0.23030567023061196,-0.973118337233262,2,4.251,sustained_low_irradiance,1,16
2023-07-15 17:00:00+05:30,PVG_S1,solar,C1_Pavagada,0.0739,0.0,26.454100867828522,41.605,150.0,0.25038000405444144,0.9681476403781077,0.9751493543055633,0.22154849761946724,15.0,0.0,-0.9659258262890683,-0.25881904510252063,-0.23030567023061196,-0.973118337233262,2,2.489,sustained_low_irradiance,1,17
2023-07-15 18:00:00+05:30,PVG_S1,solar,C1_Pavagada,0.119,0.0,25.962334617723613,21.582,150.0,0.25038000405444144,0.9681476403781077,0.9751493543055633,0.22154849761946724,15.0,0.0,-1.0,-1.8369701987210297e-16,-0.23030567023061196,-0.973118337233262,2,1.134,sustained_low_irradiance,1,18
2023-07-15 19:00:00+05:30,PVG_S1,solar,C1_Pavagada,0.0,0.0,26.88957302113883,0.0,150.0,0.25038000405444144,0.9681476403781077,0.9751493543055633,0.22154849761946724,15.0,0.0,-0.9659258262890684,0.2588190451025203,-0.23030567023061196,-0.973118337233262,2,0.0,sustained_low_irradiance,1,19
2023-07-15 20:00:00+05:30,PVG_S1,solar,C1_Pavagada,0.0,0.0,25.4870676259518,0.0,150.0,0.25038000405444144,0.9681476403781077,0.9751493543055633,0.22154849761946724,15.0,0.0,-0.8660254037844386,0.5000000000000001,-0.23030567023061196,-0.973118337233262,2,0.0,sustained_low_irradiance,1,20
2023-07-15 21:00:00+05:30,PVG_S1,solar,C1_Pavagada,0.0,0.0,26.836490944520843,0.0,150.0,0.25038000405444144,0.9681476403781077,0.9751493543055633,0.22154849761946724,15.0,0.0,-0.7071067811865477,0.7071067811865474,-0.23030567023061196,-0.973118337233262,2,0.0,sustained_low_irradiance,1,21
2023-07-15 22:00:00+05:30,PVG_S1,solar,C1_Pavagada,0.0,0.0,27.518807689928664,0.0,150.0,0.25038000405444144,0.9681476403781077,0.9751493543055633,0.22154849761946724,15.0,0.0,-0.5000000000000004,0.8660254037844384,-0.23030567023061196,-0.973118337233262,2,0.0,sustained_low_irradiance,1,22
2023-07-15 23:00:00+05:30,PVG_S1,solar,C1_Pavagada,0.0,0.0,27.693141671563126,0.0,150.0,0.25038000405444144,0.9681476403781077,0.9751493543055633,0.22154849761946724,15.0,0.0,-0.25881904510252157,0.9659258262890681,-0.23030567023061196,-0.973118337233262,2,0.0,sustained_low_irradiance,1,23
2023-07-16 00:00:00+05:30,PVG_S1,solar,C1_Pavagada,0.0,0.0,27.24814237263375,0.0,150.0,0.25038000405444144,0.9681476403781077,0.9751493543055633,0.22154849761946724,15.0,0.0,0.0,1.0,-0.24702218048093527,-0.9690098257244063,2,0.0,sustained_low_irradiance,2,24
2023-07-16 01:00:00+05:30,PVG_S1,solar,C1_Pavagada,0.0,0.0,27.517804896055786,0.0,150.0,0.25038000405444144,0.9681476403781077,0.9751493543055633,0.22154849761946724,15.0,0.0,0.25881904510252074,0.9659258262890683,-0.24702218048093527,-0.9690098257244063,2,0.0,sustained_low_irradiance,2,25
2023-07-16 02:00:00+05:30,PVG_S1,solar,C1_Pavagada,0.0,0.0,28.386044311907305,0.0,150.0,0.25038000405444144,0.9681476403781077,0.9751493543055633,0.22154849761946724,15.0,0.0,0.49999999999999994,0.8660254037844387,-0.24702218048093527,-0.9690098257244063,2,0.0,sustained_low_irradiance,2,26
2023-07-16 03:00:00+05:30,PVG_S1,solar,C1_Pavagada,0.0,0.0,26.00649730010172,0.0,150.0,0.25038000405444144,0.9681476403781077,0.9751493543055633,0.22154849761946724,15.0,0.0,0.7071067811865476,0.7071067811865476,-0.24702218048093527,-0.9690098257244063,2,0.0,sustained_low_irradiance,2,27
2023-07-16 04:00:00+05:30,PVG_S1,solar,C1_Pavagada,0.0,0.0,27.04625915856708,0.0,150.0,0.25038000405444144,0.9681476403781077,0.9751493543055633,0.22154849761946724,15.0,0.0,0.8660254037844386,0.5000000000000001,-0.24702218048093527,-0.9690098257244063,2,0.0,sustained_low_irradiance,2,28
2023-07-16 05:00:00+05:30,PVG_S1,solar,C1_Pavagada,0.0,0.0,27.408168858702247,0.0,150.0,0.25038000405444144,0.9681476403781077,0.9751493543055633,0.22154849761946724,15.0,0.0,0.9659258262890683,0.25881904510252074,-0.24702218048093527,-0.9690098257244063,2,0.0,sustained_low_irradiance,2,29
2023-07-16 06:00:00+05:30,PVG_S1,solar,C1_Pavagada,0.1371,0.0,27.337575347361202,26.315,150.0,0.25038000405444144,0.9681476403781077,0.9751493543055633,0.22154849761946724,15.0,0.0,1.0,6.123233995736766e-17,-0.24702218048093527,-0.9690098257244063,2,1.291,sustained_low_irradiance,2,30
2023-07-16 07:00:00+05:30,PVG_S1,solar,C1_Pavagada,0.0731,0.0,27.761530221037226,40.596,150.0,0.25038000405444144,0.9681476403781077,0.9751493543055633,0.22154849761946724,15.0,0.0,0.9659258262890683,-0.25881904510252063,-0.24702218048093527,-0.9690098257244063,2,2.447,sustained_low_irradiance,2,31
2023-07-16 08:00:00+05:30,PVG_S1,solar,C1_Pavagada,0.091,0.0,26.334873797233104,94.7,150.0,0.25038000405444144,0.9681476403781077,0.9751493543055633,0.22154849761946724,15.0,0.0,0.8660254037844387,-0.4999999999999998,-0.24702218048093527,-0.9690098257244063,2,5.113,sustained_low_irradiance,2,32
2023-07-16 09:00:00+05:30,PVG_S1,solar,C1_Pavagada,0.0968,0.0,27.814310271135444,167.442,150.0,0.25038000405444144,0.9681476403781077,0.9751493543055633,0.22154849761946724,15.0,0.0,0.7071067811865476,-0.7071067811865475,-0.24702218048093527,-0.9690098257244063,2,7.277,sustained_low_irradiance,2,33
2023-07-16 10:00:00+05:30,PVG_S1,solar,C1_Pavagada,0.0612,0.0,27.830064628581304,213.088,150.0,0.25038000405444144,0.9681476403781077,0.9751493543055633,0.22154849761946724,15.0,0.0,0.49999999999999994,-0.8660254037844387,-0.24702218048093527,-0.9690098257244063,2,5.509,sustained_low_irradiance,2,34
2023-07-16 11:00:00+05:30,PVG_S1,solar,C1_Pavagada,0.1215,0.0,27.18901644611161,114.112,150.0,0.25038000405444144,0.9681476403781077,0.9751493543055633,0.22154849761946724,15.0,0.0,0.258819045102521,-0.9659258262890682,-0.24702218048093527,-0.9690098257244063,2,12.084,sustained_low_irradiance,2,35
2023-07-16 12:00:00+05:30,PVG_S1,solar,C1_Pavagada,0.0508,0.0,27.564947809288746,253.506,150.0,0.25038000405444144,0.9681476403781077,0.9751493543055633,0.22154849761946724,15.0,0.0,1.2246467991473532e-16,-1.0,-0.24702218048093527,-0.9690098257244063,2,5.209,sustained_low_irradiance,2,36
2023-07-16 13:00:00+05:30,PVG_S1,solar,C1_Pavagada,0.0403,0.0,26.92556385710843,92.355,150.0,0.25038000405444144,0.9681476403781077,0.9751493543055633,0.22154849761946724,15.0,0.0,-0.2588190451025208,-0.9659258262890683,-0.24702218048093527,-0.9690098257244063,2,4.015,sustained_low_irradiance,2,37
2023-07-16 14:00:00+05:30,PVG_S1,solar,C1_Pavagada,0.0687,0.0,27.753938444117022,123.032,150.0,0.25038000405444144,0.9681476403781077,0.9751493543055633,0.22154849761946724,15.0,0.0,-0.4999999999999997,-0.8660254037844388,-0.24702218048093527,-0.9690098257244063,2,6.184,sustained_low_irradiance,2,38
2023-07-16 15:00:00+05:30,PVG_S1,solar,C1_Pavagada,0.0752,0.0,28.385146983725694,107.759,150.0,0.25038000405444144,0.9681476403781077,0.9751493543055633,0.22154849761946724,15.0,0.0,-0.7071067811865471,-0.7071067811865479,-0.24702218048093527,-0.9690098257244063,2,5.644,sustained_low_irradiance,2,39
2023-07-16 16:00:00+05:30,PVG_S1,solar,C1_Pavagada,0.1324,0.0,25.47628132492632,110.219,150.0,0.25038000405444144,0.9681476403781077,0.9751493543055633,0.22154849761946724,15.0,0.0,-0.8660254037844385,-0.5000000000000004,-0.24702218048093527,-0.9690098257244063,2,7.457,sustained_low_irradiance,2,40
2023-07-16 17:00:00+05:30,PVG_S1,solar,C1_Pavagada,0.1597,0.0,28.966377496497522,97.075,150.0,0.25038000405444144,0.9681476403781077,0.9751493543055633,0.22154849761946724,15.0,0.0,-0.9659258262890683,-0.25881904510252063,-0.24702218048093527,-0.9690098257244063,2,5.33,sustained_low_irradiance,2,41
2023-07-16 18:00:00+05:30,PVG_S1,solar,C1_Pavagada,0.1442,0.0,27.45933949634215,31.526,150.0,0.25038000405444144,0.9681476403781077,0.9751493543055633,0.22154849761946724,15.0,0.0,-1.0,-1.8369701987210297e-16,-0.24702218048093527,-0.9690098257244063,2,1.358,sustained_low_irradiance,2,42
2023-07-16 19:00:00+05:30,PVG_S1,solar,C1_Pavagada,0.0,0.0,27.384963413422284,0.0,150.0,0.25038000405444144,0.9681476403781077,0.9751493543055633,0.22154849761946724,15.0,0.0,-0.9659258262890684,0.2588190451025203,-0.24702218048093527,-0.9690098257244063,2,0.0,sustained_low_irradiance,2,43
2023-07-16 20:00:00+05:30,PVG_S1,solar,C1_Pavagada,0.0,0.0,27.220348603239888,0.0,150.0,0.25038000405444144,0.9681476403781077,0.9751493543055633,0.22154849761946724,15.0,0.0,-0.8660254037844386,0.5000000000000001,-0.24702218048093527,-0.9690098257244063,2,0.0,sustained_low_irradiance,2,44
2023-07-16 21:00:00+05:30,PVG_S1,solar,C1_Pavagada,0.0,0.0,27.120756563997944,0.0,150.0,0.25038000405444144,0.9681476403781077,0.9751493543055633,0.22154849761946724,15.0,0.0,-0.7071067811865477,0.7071067811865474,-0.24702218048093527,-0.9690098257244063,2,0.0,sustained_low_irradiance,2,45
2023-07-16 22:00:00+05:30,PVG_S1,solar,C1_Pavagada,0.0,0.0,26.850089021630204,0.0,150.0,0.25038000405444144,0.9681476403781077,0.9751493543055633,0.22154849761946724,15.0,0.0,-0.5000000000000004,0.8660254037844384,-0.24702218048093527,-0.9690098257244063,2,0.0,sustained_low_irradiance,2,46
2023-07-16 23:00:00+05:30,PVG_S1,solar,C1_Pavagada,0.0,0.0,25.651315252109324,0.0,150.0,0.25038000405444144,0.9681476403781077,0.9751493543055633,0.22154849761946724,15.0,0.0,-0.25881904510252157,0.9659258262890681,-0.24702218048093527,-0.9690098257244063,2,0.0,sustained_low_irradiance,2,47
2023-07-17 00:00:00+05:30,PVG_S1,solar,C1_Pavagada,0.0,0.0,27.00334493725341,0.0,150.0,0.25038000405444144,0.9681476403781077,0.9751493543055633,0.22154849761946724,15.0,0.0,0.0,1.0,-0.2636654927280072,-0.9646141756912435,2,0.0,sustained_low_irradiance,3,48
2023-07-17 01:00:00+05:30,PVG_S1,solar,C1_Pavagada,0.0,0.0,26.88694445697936,0.0,150.0,0.25038000405444144,0.9681476403781077,0.9751493543055633,0.22154849761946724,15.0,0.0,0.25881904510252074,0.9659258262890683,-0.2636654927280072,-0.9646141756912435,2,0.0,sustained_low_irradiance,3,49
2023-07-17 02:00:00+05:30,PVG_S1,solar,C1_Pavagada,0.0,0.0,26.39553173971476,0.0,150.0,0.25038000405444144,0.9681476403781077,0.9751493543055633,0.22154849761946724,15.0,0.0,0.49999999999999994,0.8660254037844387,-0.2636654927280072,-0.9646141756912435,2,0.0,sustained_low_irradiance,3,50
2023-07-17 03:00:00+05:30,PVG_S1,solar,C1_Pavagada,0.0,0.0,25.514460401199084,0.0,150.0,0.25038000405444144,0.9681476403781077,0.9751493543055633,0.22154849761946724,15.0,0.0,0.7071067811865476,0.7071067811865476,-0.2636654927280072,-0.9646141756912435,2,0.0,sustained_low_irradiance,3,51
2023-07-17 04:00:00+05:30,PVG_S1,solar,C1_Pavagada,0.0,0.0,27.018159710143685,0.0,150.0,0.25038000405444144,0.9681476403781077,0.9751493543055633,0.22154849761946724,15.0,0.0,0.8660254037844386,0.5000000000000001,-0.2636654927280072,-0.9646141756912435,2,0.0,sustained_low_irradiance,3,52
2023-07-17 05:00:00+05:30,PVG_S1,solar,C1_Pavagada,0.0,0.0,27.86297566198011,0.0,150.0,0.25038000405444144,0.9681476403781077,0.9751493543055633,0.22154849761946724,15.0,0.0,0.9659258262890683,0.25881904510252074,-0.2636654927280072,-0.9646141756912435,2,0.0,sustained_low_irradiance,3,53
2023-07-17 06:00:00+05:30,PVG_S1,solar,C1_Pavagada,0.2442,0.0,27.396224801972693,13.477,150.0,0.25038000405444144,0.9681476403781077,0.9751493543055633,0.22154849761946724,15.0,0.0,1.0,6.123233995736766e-17,-0.2636654927280072,-0.9646141756912435,2,2.283,sustained_low_irradiance,3,54
2023-07-17 07:00:00+05:30,PVG_S1,solar,C1_Pavagada,0.2031,0.0,27.30350229791191,69.206,150.0,0.25038000405444144,0.9681476403781077,0.9751493543055633,0.22154849761946724,15.0,0.0,0.9659258262890683,-0.25881904510252063,-0.2636654927280072,-0.9646141756912435,2,6.803,sustained_low_irradiance,3,55
2023-07-17 08:00:00+05:30,PVG_S1,solar,C1_Pavagada,0.1783,0.0,28.285196839428508,78.283,150.0,0.25038000405444144,0.9681476403781077,0.9751493543055633,0.22154849761946724,15.0,0.0,0.8660254037844387,-0.4999999999999998,-0.2636654927280072,-0.9646141756912435,2,9.952,sustained_low_irradiance,3,56
2023-07-17 09:00:00+05:30,PVG_S1,solar,C1_Pavagada,0.2274,0.0,28.722206684025302,150.792,150.0,0.25038000405444144,0.9681476403781077,0.9751493543055633,0.22154849761946724,15.0,0.0,0.7071067811865476,-0.7071067811865475,-0.2636654927280072,-0.9646141756912435,2,17.052,sustained_low_irradiance,3,57
2023-07-17 10:00:00+05:30,PVG_S1,solar,C1_Pavagada,0.1808,0.0,26.960714068364467,192.433,150.0,0.25038000405444144,0.9681476403781077,0.9751493543055633,0.22154849761946724,15.0,0.0,0.49999999999999994,-0.8660254037844387,-0.2636654927280072,-0.9646141756912435,2,16.314,sustained_low_irradiance,3,58
2023-07-17 11:00:00+05:30,PVG_S1,solar,C1_Pavagada,0.2026,0.0,27.079231213067192,213.377,150.0,0.25038000405444144,0.9681476403781077,0.9751493543055633,0.22154849761946724,15.0,0.0,0.258819045102521,-0.9659258262890682,-0.2636654927280072,-0.9646141756912435,2,20.163,sustained_low_irradiance,3,59
2023-07-17 12:00:00+05:30,PVG_S1,solar,C1_Pavagada,0.1632,0.0,25.304672715615233,198.439,150.0,0.25038000405444144,0.9681476403781077,0.9751493543055633,0.22154849761946724,15.0,0.0,1.2246467991473532e-16,-1.0,-0.2636654927280072,-0.9646141756912435,2,16.848,sustained_low_irradiance,3,60
2023-07-17 13:00:00+05:30,PVG_S1,solar,C1_Pavagada,0.2299,0.0,28.234960630005574,117.343,150.0,0.25038000405444144,0.9681476403781077,0.9751493543055633,0.22154849761946724,15.0,0.0,-0.2588190451025208,-0.9659258262890683,-0.2636654927280072,-0.9646141756912435,2,22.798,sustained_low_irradiance,3,61
2023-07-17 14:00:00+05:30,PVG_S1,solar,C1_Pavagada,0.1732,0.0,27.7729983591702,119.685,150.0,0.25038000405444144,0.9681476403781077,0.9751493543055633,0.22154849761946724,15.0,0.0,-0.4999999999999997,-0.8660254037844388,-0.2636654927280072,-0.9646141756912435,2,15.594,sustained_low_irradiance,3,62
2023-07-17 15:00:00+05:30,PVG_S1,solar,C1_Pavagada,0.1556,0.0,26.757676511296292,155.996,150.0,0.25038000405444144,0.9681476403781077,0.9751493543055633,0.22154849761946724,15.0,0.0,-0.7071067811865471,-0.7071067811865479,-0.2636654927280072,-0.9646141756912435,2,11.741,sustained_low_irradiance,3,63
2023-07-17 16:00:00+05:30,PVG_S1,solar,C1_Pavagada,0.245,0.0,26.880467749024028,89.516,150.0,0.25038000405444144,0.9681476403781077,0.9751493543055633,0.22154849761946724,15.0,0.0,-0.8660254037844385,-0.5000000000000004,-0.2636654927280072,-0.9646141756912435,2,13.734,sustained_low_irradiance,3,64
2023-07-17 17:00:00+05:30,PVG_S1,solar,C1_Pavagada,0.1874,0.0,26.748228503006235,64.978,150.0,0.25038000405444144,0.9681476403781077,0.9751493543055633,0.22154849761946724,15.0,0.0,-0.9659258262890683,-0.25881904510252063,-0.2636654927280072,-0.9646141756912435,2,6.286,sustained_low_irradiance,3,65
2023-07-17 18:00:00+05:30,PVG_S1,solar,C1_Pavagada,0.2405,0.0,27.72680432313381,24.045,150.0,0.25038000405444144,0.9681476403781077,0.9751493543055633,0.22154849761946724,15.0,0.0,-1.0,-1.8369701987210297e-16,-0.2636654927280072,-0.9646141756912435,2,2.246,sustained_low_irradiance,3,66
2023-07-17 19:00:00+05:30,PVG_S1,solar,C1_Pavagada,0.0,0.0,26.70144459776037,0.0,150.0,0.25038000405444144,0.9681476403781077,0.9751493543055633,0.22154849761946724,15.0,0.0,-0.9659258262890684,0.2588190451025203,-0.2636654927280072,-0.9646141756912435,2,0.0,sustained_low_irradiance,3,67
2023-07-17 20:00:00+05:30,PVG_S1,solar,C1_Pavagada,0.0,0.0,27.68605001312572,0.0,150.0,0.25038000405444144,0.9681476403781077,0.9751493543055633,0.22154849761946724,15.0,0.0,-0.8660254037844386,0.5000000000000001,-0.2636654927280072,-0.9646141756912435,2,0.0,sustained_low_irradiance,3,68
2023-07-17 21:00:00+05:30,PVG_S1,solar,C1_Pavagada,0.0,0.0,28.060666784132152,0.0,150.0,0.25038000405444144,0.9681476403781077,0.9751493543055633,0.22154849761946724,15.0,0.0,-0.7071067811865477,0.7071067811865474,-0.2636654927280072,-0.9646141756912435,2,0.0,sustained_low_irradiance,3,69
2023-07-17 22:00:00+05:30,PVG_S1,solar,C1_Pavagada,0.0,0.0,27.13114325207145,0.0,150.0,0.25038000405444144,0.9681476403781077,0.9751493543055633,0.22154849761946724,15.0,0.0,-0.5000000000000004,0.8660254037844384,-0.2636654927280072,-0.9646141756912435,2,0.0,sustained_low_irradiance,3,70
2023-07-17 23:00:00+05:30,PVG_S1,solar,C1_Pavagada,0.0,0.0,26.486090288512784,0.0,150.0,0.25038000405444144,0.9681476403781077,0.9751493543055633,0.22154849761946724,15.0,0.0,-0.25881904510252157,0.9659258262890681,-0.2636654927280072,-0.9646141756912435,2,0.0,sustained_low_irradiance,3,71
2023-07-18 00:00:00+05:30,PVG_S1,solar,C1_Pavagada,0.0,0.0,27.17147022008065,0.0,150.0,0.25038000405444144,0.9681476403781077,0.9751493543055633,0.22154849761946724,15.0,0.0,0.0,1.0,-0.2802306751992161,-0.9599326896597445,2,0.0,sustained_low_irradiance,4,72
2023-07-18 01:00:00+05:30,PVG_S1,solar,C1_Pavagada,0.0,0.0,26.512643161662805,0.0,150.0,0.25038000405444144,0.9681476403781077,0.9751493543055633,0.22154849761946724,15.0,0.0,0.25881904510252074,0.9659258262890683,-0.2802306751992161,-0.9599326896597445,2,0.0,sustained_low_irradiance,4,73
2023-07-18 02:00:00+05:30,PVG_S1,solar,C1_Pavagada,0.0,0.0,25.192187199529155,0.0,150.0,0.25038000405444144,0.9681476403781077,0.9751493543055633,0.22154849761946724,15.0,0.0,0.49999999999999994,0.8660254037844387,-0.2802306751992161,-0.9599326896597445,2,0.0,sustained_low_irradiance,4,74
2023-07-18 03:00:00+05:30,PVG_S1,solar,C1_Pavagada,0.0,0.0,28.479806000865693,0.0,150.0,0.25038000405444144,0.9681476403781077,0.9751493543055633,0.22154849761946724,15.0,0.0,0.7071067811865476,0.7071067811865476,-0.2802306751992161,-0.9599326896597445,2,0.0,sustained_low_irradiance,4,75
2023-07-18 04:00:00+05:30,PVG_S1,solar,C1_Pavagada,0.0,0.0,25.538896469368943,0.0,150.0,0.25038000405444144,0.9681476403781077,0.9751493543055633,0.22154849761946724,15.0,0.0,0.8660254037844386,0.5000000000000001,-0.2802306751992161,-0.9599326896597445,2,0.0,sustained_low_irradiance,4,76
2023-07-18 05:00:00+05:30,PVG_S1,solar,C1_Pavagada,0.0,0.0,26.480476380910133,0.0,150.0,0.25038000405444144,0.9681476403781077,0.9751493543055633,0.22154849761946724,15.0,0.0,0.9659258262890683,0.25881904510252074,-0.2802306751992161,-0.9599326896597445,2,0.0,sustained_low_irradiance,4,77
2023-07-18 06:00:00+05:30,PVG_S1,solar,C1_Pavagada,0.1423,0.0,28.863473859175105,13.093,150.0,0.25038000405444144,0.9681476403781077,0.9751493543055633,0.22154849761946724,15.0,0.0,1.0,6.123233995736766e-17,-0.2802306751992161,-0.9599326896597445,2,1.314,sustained_low_irradiance,4,78
2023-07-18 07:00:00+05:30,PVG_S1,solar,C1_Pavagada,0.1835,0.0,26.006281872806127,58.958,150.0,0.25038000405444144,0.9681476403781077,0.9751493543055633,0.22154849761946724,15.0,0.0,0.9659258262890683,-0.25881904510252063,-0.2802306751992161,-0.9599326896597445,2,6.161,sustained_low_irradiance,4,79
2023-07-18 08:00:00+05:30,PVG_S1,solar,C1_Pavagada,0.1035,0.0,26.84467903894914,101.716,150.0,0.25038000405444144,0.9681476403781077,0.9751493543055633,0.22154849761946724,15.0,0.0,0.8660254037844387,-0.4999999999999998,-0.2802306751992161,-0.9599326896597445,2,5.802,sustained_low_irradiance,4,80
2023-07-18 09:00:00+05:30,PVG_S1,solar,C1_Pavagada,0.1351,0.0,25.51469201249645,140.074,150.0,0.25038000405444144,0.9681476403781077,0.9751493543055633,0.22154849761946724,15.0,0.0,0.7071067811865476,-0.7071067811865475,-0.2802306751992161,-0.9599326896597445,2,10.23,sustained_low_irradiance,4,81
2023-07-18 10:00:00+05:30,PVG_S1,solar,C1_Pavagada,0.1062,0.0,27.392375624777845,135.149,150.0,0.25038000405444144,0.9681476403781077,0.9751493543055633,0.22154849761946724,15.0,0.0,0.49999999999999994,-0.8660254037844387,-0.2802306751992161,-0.9599326896597445,2,9.577,sustained_low_irradiance,4,82
2023-07-18 11:00:00+05:30,PVG_S1,solar,C1_Pavagada,0.1194,0.0,28.274461325818496,267.805,150.0,0.25038000405444144,0.9681476403781077,0.9751493543055633,0.22154849761946724,15.0,0.0,0.258819045102521,-0.9659258262890682,-0.2802306751992161,-0.9599326896597445,2,11.846,sustained_low_irradiance,4,83
2023-07-18 12:00:00+05:30,PVG_S1,solar,C1_Pavagada,0.146,0.0,28.970052473635235,137.541,150.0,0.25038000405444144,0.9681476403781077,0.9751493543055633,0.22154849761946724,15.0,0.0,1.2246467991473532e-16,-1.0,-0.2802306751992161,-0.9599326896597445,2,14.92,sustained_low_irradiance,4,84
2023-07-18 13:00:00+05:30,PVG_S1,solar,C1_Pavagada,0.117,0.0,26.89128935703674,163.328,150.0,0.25038000405444144,0.9681476403781077,0.9751493543055633,0.22154849761946724,15.0,0.0,-0.2588190451025208,-0.9659258262890683,-0.2802306751992161,-0.9599326896597445,2,11.656,sustained_low_irradiance,4,85
2023-07-18 14:00:00+05:30,PVG_S1,solar,C1_Pavagada,0.124,0.0,28.38854251256963,156.535,150.0,0.25038000405444144,0.9681476403781077,0.9751493543055633,0.22154849761946724,15.0,0.0,-0.4999999999999997,-0.8660254037844388,-0.2802306751992161,-0.9599326896597445,2,11.146,sustained_low_irradiance,4,86
2023-07-18 15:00:00+05:30,PVG_S1,solar,C1_Pavagada,0.1265,0.0,28.212750918645227,142.118,150.0,0.25038000405444144,0.9681476403781077,0.9751493543055633,0.22154849761946724,15.0,0.0,-0.7071067811865471,-0.7071067811865479,-0.2802306751992161,-0.9599326896597445,2,9.502,sustained_low_irradiance,4,87
2023-07-18 16:00:00+05:30,PVG_S1,solar,C1_Pavagada,0.1645,0.0,27.901602790229898,87.698,150.0,0.25038000405444144,0.9681476403781077,0.9751493543055633,0.22154849761946724,15.0,0.0,-0.8660254037844385,-0.5000000000000004,-0.2802306751992161,-0.9599326896597445,2,9.194,sustained_low_irradiance,4,88
2023-07-18 17:00:00+05:30,PVG_S1,solar,C1_Pavagada,0.1935,0.0,25.9770599868422,84.126,150.0,0.25038000405444144,0.9681476403781077,0.9751493543055633,0.22154849761946724,15.0,0.0,-0.9659258262890683,-0.25881904510252063,-0.2802306751992161,-0.9599326896597445,2,6.499,sustained_low_irradiance,4,89
2023-07-18 18:00:00+05:30,PVG_S1,solar,C1_Pavagada,0.0923,0.0,26.580105309835222,17.219,150.0,0.25038000405444144,0.9681476403781077,0.9751493543055633,0.22154849761946724,15.0,0.0,-1.0,-1.8369701987210297e-16,-0.2802306751992161,-0.9599326896597445,2,0.858,sustained_low_irradiance,4,90
2023-07-18 19:00:00+05:30,PVG_S1,solar,C1_Pavagada,0.0,0.0,27.465950744841116,0.0,150.0,0.25038000405444144,0.9681476403781077,0.9751493543055633,0.22154849761946724,15.0,0.0,-0.9659258262890684,0.2588190451025203,-0.2802306751992161,-0.9599326896597445,2,0.0,sustained_low_irradiance,4,91
2023-07-18 20:00:00+05:30,PVG_S1,solar,C1_Pavagada,0.0,0.0,25.800774691723966,0.0,150.0,0.25038000405444144,0.9681476403781077,0.9751493543055633,0.22154849761946724,15.0,0.0,-0.8660254037844386,0.5000000000000001,-0.2802306751992161,-0.9599326896597445,2,0.0,sustained_low_irradiance,4,92
2023-07-18 21:00:00+05:30,PVG_S1,solar,C1_Pavagada,0.0,0.0,25.877868716532532,0.0,150.0,0.25038000405444144,0.9681476403781077,0.9751493543055633,0.22154849761946724,15.0,0.0,-0.7071067811865477,0.7071067811865474,-0.2802306751992161,-0.9599326896597445,2,0.0,sustained_low_irradiance,4,93
2023-07-18 22:00:00+05:30,PVG_S1,solar,C1_Pavagada,0.0,0.0,26.424004182302244,0.0,150.0,0.25038000405444144,0.9681476403781077,0.9751493543055633,0.22154849761946724,15.0,0.0,-0.5000000000000004,0.8660254037844384,-0.2802306751992161,-0.9599326896597445,2,0.0,sustained_low_irradiance,4,94
2023-07-18 23:00:00+05:30,PVG_S1,solar,C1_Pavagada,0.0,0.0,27.269085108620967,0.0,150.0,0.25038000405444144,0.9681476403781077,0.9751493543055633,0.22154849761946724,15.0,0.0,-0.25881904510252157,0.9659258262890681,-0.2802306751992161,-0.9599326896597445,2,0.0,sustained_low_irradiance,4,95
2023-07-19 00:00:00+05:30,PVG_S1,solar,C1_Pavagada,0.0,0.0,27.60526499344763,0.0,150.0,0.25038000405444144,0.9681476403781077,0.9751493543055633,0.22154849761946724,15.0,0.0,0.0,1.0,-0.2967128192734901,-0.9549667548552553,2,0.0,sustained_low_irradiance,5,96
2023-07-19 01:00:00+05:30,PVG_S1,solar,C1_Pavagada,0.0,0.0,27.234321707914386,0.0,150.0,0.25038000405444144,0.9681476403781077,0.9751493543055633,0.22154849761946724,15.0,0.0,0.25881904510252074,0.9659258262890683,-0.2967128192734901,-0.9549667548552553,2,0.0,sustained_low_irradiance,5,97
2023-07-19 02:00:00+05:30,PVG_S1,solar,C1_Pavagada,0.0,0.0,26.74463587763677,0.0,150.0,0.25038000405444144,0.9681476403781077,0.9751493543055633,0.22154849761946724,15.0,0.0,0.49999999999999994,0.8660254037844387,-0.2967128192734901,-0.9549667548552553,2,0.0,sustained_low_irradiance,5,98
2023-07-19 03:00:00+05:30,PVG_S1,solar,C1_Pavagada,0.0,0.0,26.639484812958674,0.0,150.0,0.25038000405444144,0.9681476403781077,0.9751493543055633,0.22154849761946724,15.0,0.0,0.7071067811865476,0.7071067811865476,-0.2967128192734901,-0.9549667548552553,2,0.0,sustained_low_irradiance,5,99
2023-07-19 04:00:00+05:30,PVG_S1,solar,C1_Pavagada,0.0,0.0,27.91879509705175,0.0,150.0,0.25038000405444144,0.9681476403781077,0.9751493543055633,0.22154849761946724,15.0,0.0,0.8660254037844386,0.5000000000000001,-0.2967128192734901,-0.9549667548552553,2,0.0,sustained_low_irradiance,5,100
2023-07-19 05:00:00+05:30,PVG_S1,solar,C1_Pavagada,0.0,0.0,27.580816742565396,0.0,150.0,0.25038000405444144,0.9681476403781077,0.9751493543055633,0.22154849761946724,15.0,0.0,0.9659258262890683,0.25881904510252074,-0.2967128192734901,-0.9549667548552553,2,0.0,sustained_low_irradiance,5,101
2023-07-19 06:00:00+05:30,PVG_S1,solar,C1_Pavagada,0.0568,0.0,28.14343886351953,10.091,150.0,0.25038000405444144,0.9681476403781077,0.9751493543055633,0.22154849761946724,15.0,0.0,1.0,6.123233995736766e-17,-0.2967128192734901,-0.9549667548552553,2,0.521,sustained_low_irradiance,5,102
2023-07-19 07:00:00+05:30,PVG_S1,solar,C1_Pavagada,0.1324,0.0,28.121673280901717,82.419,150.0,0.25038000405444144,0.9681476403781077,0.9751493543055633,0.22154849761946724,15.0,0.0,0.9659258262890683,-0.25881904510252063,-0.2967128192734901,-0.9549667548552553,2,4.41,sustained_low_irradiance,5,103
2023-07-19 08:00:00+05:30,PVG_S1,solar,C1_Pavagada,0.0591,0.0,27.120470363030847,79.611,150.0,0.25038000405444144,0.9681476403781077,0.9751493543055633,0.22154849761946724,15.0,0.0,0.8660254037844387,-0.4999999999999998,-0.2967128192734901,-0.9549667548552553,2,3.31,sustained_low_irradiance,5,104
2023-07-19 09:00:00+05:30,PVG_S1,solar,C1_Pavagada,0.0771,0.0,26.758844918265872,129.815,150.0,0.25038000405444144,0.9681476403781077,0.9751493543055633,0.22154849761946724,15.0,0.0,0.7071067811865476,-0.7071067811865475,-0.2967128192734901,-0.9549667548552553,2,5.818,sustained_low_irradiance,5,105
2023-07-19 10:00:00+05:30,PVG_S1,solar,C1_Pavagada,0.1047,0.0,27.944974707273335,224.358,150.0,0.25038000405444144,0.9681476403781077,0.9751493543055633,0.22154849761946724,15.0,0.0,0.49999999999999994,-0.8660254037844387,-0.2967128192734901,-0.9549667548552553,2,9.426,sustained_low_irradiance,5,106
2023-07-19 11:00:00+05:30,PVG_S1,solar,C1_Pavagada,0.0983,0.0,26.425811417065297,176.356,150.0,0.25038000405444144,0.9681476403781077,0.9751493543055633,0.22154849761946724,15.0,0.0,0.258819045102521,-0.9659258262890682,-0.2967128192734901,-0.9549667548552553,2,9.811,sustained_low_irradiance,5,107
2023-07-19 12:00:00+05:30,PVG_S1,solar,C1_Pavagada,0.0575,0.0,26.33391583678297,182.301,150.0,0.25038000405444144,0.9681476403781077,0.9751493543055633,0.22154849761946724,15.0,0.0,1.2246467991473532e-16,-1.0,-0.2967128192734901,-0.9549667548552553,2,5.928,sustained_low_irradiance,5,108
2023-07-19 13:00:00+05:30,PVG_S1,solar,C1_Pavagada,0.04,0.0,27.31549272300769,192.279,150.0,0.25038000405444144,0.9681476403781077,0.9751493543055633,0.22154849761946724,15.0,0.0,-0.2588190451025208,-0.9659258262890683,-0.2967128192734901,-0.9549667548552553,2,3.981,sustained_low_irradiance,5,109
2023-07-19 14:00:00+05:30,PVG_S1,solar,C1_Pavagada,0.1143,0.0,26.93933013871666,116.528,150.0,0.25038000405444144,0.9681476403781077,0.9751493543055633,0.22154849761946724,15.0,0.0,-0.4999999999999997,-0.8660254037844388,-0.2967128192734901,-0.9549667548552553,2,10.318,sustained_low_irradiance,5,110
2023-07-19 15:00:00+05:30,PVG_S1,solar,C1_Pavagada,0.0474,0.0,25.847518048994207,188.704,150.0,0.25038000405444144,0.9681476403781077,0.9751493543055633,0.22154849761946724,15.0,0.0,-0.7071067811865471,-0.7071067811865479,-0.2967128192734901,-0.9549667548552553,2,3.583,sustained_low_irradiance,5,111
2023-07-19 16:00:00+05:30,PVG_S1,solar,C1_Pavagada,0.1242,0.0,26.91553196622874,118.68,150.0,0.25038000405444144,0.9681476403781077,0.9751493543055633,0.22154849761946724,15.0,0.0,-0.8660254037844385,-0.5000000000000004,-0.2967128192734901,-0.9549667548552553,2,6.961,sustained_low_irradiance,5,112
2023-07-19 17:00:00+05:30,PVG_S1,solar,C1_Pavagada,0.0631,0.0,26.917541057757685,60.796,150.0,0.25038000405444144,0.9681476403781077,0.9751493543055633,0.22154849761946724,15.0,0.0,-0.9659258262890683,-0.25881904510252063,-0.2967128192734901,-0.9549667548552553,2,2.111,sustained_low_irradiance,5,113
2023-07-19 18:00:00+05:30,PVG_S1,solar,C1_Pavagada,0.0595,0.0,26.36047944938902,5.014,150.0,0.25038000405444144,0.9681476403781077,0.9751493543055633,0.22154849761946724,15.0,0.0,-1.0,-1.8369701987210297e-16,-0.2967128192734901,-0.9549667548552553,2,0.549,sustained_low_irradiance,5,114
2023-07-19 19:00:00+05:30,PVG_S1,solar,C1_Pavagada,0.0,0.0,27.47887083681629,0.0,150.0,0.25038000405444144,0.9681476403781077,0.9751493543055633,0.22154849761946724,15.0,0.0,-0.9659258262890684,0.2588190451025203,-0.2967128192734901,-0.9549667548552553,2,0.0,sustained_low_irradiance,5,115
2023-07-19 20:00:00+05:30,PVG_S1,solar,C1_Pavagada,0.0,0.0,27.930155328629255,0.0,150.0,0.25038000405444144,0.9681476403781077,0.9751493543055633,0.22154849761946724,15.0,0.0,-0.8660254037844386,0.5000000000000001,-0.2967128192734901,-0.9549667548552553,2,0.0,sustained_low_irradiance,5,116
2023-07-19 21:00:00+05:30,PVG_S1,solar,C1_Pavagada,0.0,0.0,27.297595743838894,0.0,150.0,0.25038000405444144,0.9681476403781077,0.9751493543055633,0.22154849761946724,15.0,0.0,-0.7071067811865477,0.7071067811865474,-0.2967128192734901,-0.9549667548552553,2,0.0,sustained_low_irradiance,5,117
2023-07-19 22:00:00+05:30,PVG_S1,solar,C1_Pavagada,0.0,0.0,26.471419170386508,0.0,150.0,0.25038000405444144,0.9681476403781077,0.9751493543055633,0.22154849761946724,15.0,0.0,-0.5000000000000004,0.8660254037844384,-0.2967128192734901,-0.9549667548552553,2,0.0,sustained_low_irradiance,5,118
2023-07-19 23:00:00+05:30,PVG_S1,solar,C1_Pavagada,0.0,0.0,28.14090717730886,0.0,150.0,0.25038000405444144,0.9681476403781077,0.9751493543055633,0.22154849761946724,15.0,0.0,-0.25881904510252157,0.9659258262890681,-0.2967128192734901,-0.9549667548552553,2,0.0,sustained_low_irradiance,5,119
2023-07-20 00:00:00+05:30,PVG_S1,solar,C1_Pavagada,0.0,0.0,28.46943730495988,0.0,150.0,0.25038000405444144,0.9681476403781077,0.9751493543055633,0.22154849761946724,15.0,0.0,0.0,1.0,-0.3131070409358267,-0.9497178427914317,2,0.0,sustained_low_irradiance,6,120
2023-07-20 01:00:00+05:30,PVG_S1,solar,C1_Pavagada,0.0,0.0,26.52191561277163,0.0,150.0,0.25038000405444144,0.9681476403781077,0.9751493543055633,0.22154849761946724,15.0,0.0,0.25881904510252074,0.9659258262890683,-0.3131070409358267,-0.9497178427914317,2,0.0,sustained_low_irradiance,6,121
2023-07-20 02:00:00+05:30,PVG_S1,solar,C1_Pavagada,0.0,0.0,26.586706432273274,0.0,150.0,0.25038000405444144,0.9681476403781077,0.9751493543055633,0.22154849761946724,15.0,0.0,0.49999999999999994,0.8660254037844387,-0.3131070409358267,-0.9497178427914317,2,0.0,sustained_low_irradiance,6,122
2023-07-20 03:00:00+05:30,PVG_S1,solar,C1_Pavagada,0.0,0.0,26.924523351365043,0.0,150.0,0.25038000405444144,0.9681476403781077,0.9751493543055633,0.22154849761946724,15.0,0.0,0.7071067811865476,0.7071067811865476,-0.3131070409358267,-0.9497178427914317,2,0.0,sustained_low_irradiance,6,123
2023-07-20 04:00:00+05:30,PVG_S1,solar,C1_Pavagada,0.0,0.0,28.37156277437038,0.0,150.0,0.25038000405444144,0.9681476403781077,0.9751493543055633,0.22154849761946724,15.0,0.0,0.8660254037844386,0.5000000000000001,-0.3131070409358267,-0.9497178427914317,2,0.0,sustained_low_irradiance,6,124
2023-07-20 05:00:00+05:30,PVG_S1,solar,C1_Pavagada,0.0,0.0,26.49072736100167,0.0,150.0,0.25038000405444144,0.9681476403781077,0.9751493543055633,0.22154849761946724,15.0,0.0,0.9659258262890683,0.25881904510252074,-0.3131070409358267,-0.9497178427914317,2,0.0,sustained_low_irradiance,6,125
2023-07-20 06:00:00+05:30,PVG_S1,solar,C1_Pavagada,0.0978,0.0,27.158590379731923,20.628,150.0,0.25038000405444144,0.9681476403781077,0.9751493543055633,0.22154849761946724,15.0,0.0,1.0,6.123233995736766e-17,-0.3131070409358267,-0.9497178427914317,2,0.893,sustained_low_irradiance,6,126
2023-07-20 07:00:00+05:30,PVG_S1,solar,C1_Pavagada,0.1137,0.0,26.9109293918963,80.04,150.0,0.25038000405444144,0.9681476403781077,0.9751493543055633,0.22154849761946724,15.0,0.0,0.9659258262890683,-0.25881904510252063,-0.3131070409358267,-0.9497178427914317,2,3.798,sustained_low_irradiance,6,127
2023-07-20 08:00:00+05:30,PVG_S1,solar,C1_Pavagada,0.1484,0.0,27.873379814370004,66.942,150.0,0.25038000405444144,0.9681476403781077,0.9751493543055633,0.22154849761946724,15.0,0.0,0.8660254037844387,-0.4999999999999998,-0.3131070409358267,-0.9497178427914317,2,8.289,sustained_low_irradiance,6,128
2023-07-20 09:00:00+05:30,PVG_S1,solar,C1_Pavagada,0.0618,0.0,28.366606844578452,96.395,150.0,0.25038000405444144,0.9681476403781077,0.9751493543055633,0.22154849761946724,15.0,0.0,0.7071067811865476,-0.7071067811865475,-0.3131070409358267,-0.9497178427914317,2,4.643,sustained_low_irradiance,6,129
2023-07-20 10:00:00+05:30,PVG_S1,solar,C1_Pavagada,0.1156,0.0,27.32146272302668,110.713,150.0,0.25038000405444144,0.9681476403781077,0.9751493543055633,0.22154849761946724,15.0,0.0,0.49999999999999994,-0.8660254037844387,-0.3131070409358267,-0.9497178427914317,2,10.424,sustained_low_irradiance,6,130
2023-07-20 11:00:00+05:30,PVG_S1,solar,C1_Pavagada,0.0702,0.0,26.533374647949046,0.0,150.0,0.25038000405444144,0.9681476403781077,0.9751493543055633,0.22154849761946724,15.0,0.0,0.258819045102521,-0.9659258262890682,-0.3131070409358267,-0.9497178427914317,2,7.004,sustained_low_irradiance,6,131
2023-07-20 12:00:00+05:30,PVG_S1,solar,C1_Pavagada,0.04,0.0,26.9112200470813,165.769,150.0,0.25038000405444144,0.9681476403781077,0.9751493543055633,0.22154849761946724,15.0,0.0,1.2246467991473532e-16,-1.0,-0.3131070409358267,-0.9497178427914317,2,4.115,sustained_low_irradiance,6,132
2023-07-20 13:00:00+05:30,PVG_S1,solar,C1_Pavagada,0.0705,0.0,27.883097167656008,292.567,150.0,0.25038000405444144,0.9681476403781077,0.9751493543055633,0.22154849761946724,15.0,0.0,-0.2588190451025208,-0.9659258262890683,-0.3131070409358267,-0.9497178427914317,2,7.003,sustained_low_irradiance,6,133
2023-07-20 14:00:00+05:30,PVG_S1,solar,C1_Pavagada,0.1099,0.0,26.695310441622684,95.864,150.0,0.25038000405444144,0.9681476403781077,0.9751493543055633,0.22154849761946724,15.0,0.0,-0.4999999999999997,-0.8660254037844388,-0.3131070409358267,-0.9497178427914317,2,9.933,sustained_low_irradiance,6,134
2023-07-20 15:00:00+05:30,PVG_S1,solar,C1_Pavagada,0.1385,0.0,27.17081143293516,139.049,150.0,0.25038000405444144,0.9681476403781077,0.9751493543055633,0.22154849761946724,15.0,0.0,-0.7071067811865471,-0.7071067811865479,-0.3131070409358267,-0.9497178427914317,2,10.436,sustained_low_irradiance,6,135
2023-07-20 16:00:00+05:30,PVG_S1,solar,C1_Pavagada,0.0821,0.0,27.526247437191543,89.007,150.0,0.25038000405444144,0.9681476403781077,0.9751493543055633,0.22154849761946724,15.0,0.0,-0.8660254037844385,-0.5000000000000004,-0.3131070409358267,-0.9497178427914317,2,4.589,sustained_low_irradiance,6,136
2023-07-20 17:00:00+05:30,PVG_S1,solar,C1_Pavagada,0.1211,0.0,26.028482972578974,57.417,150.0,0.25038000405444144,0.9681476403781077,0.9751493543055633,0.22154849761946724,15.0,0.0,-0.9659258262890683,-0.25881904510252063,-0.3131070409358267,-0.9497178427914317,2,4.055,sustained_low_irradiance,6,137
2023-07-20 18:00:00+05:30,PVG_S1,solar,C1_Pavagada,0.0791,0.0,27.285542108889103,19.65,150.0,0.25038000405444144,0.9681476403781077,0.9751493543055633,0.22154849761946724,15.0,0.0,-1.0,-1.8369701987210297e-16,-0.3131070409358267,-0.9497178427914317,2,0.721,sustained_low_irradiance,6,138
2023-07-20 19:00:00+05:30,PVG_S1,solar,C1_Pavagada,0.0,0.0,26.64072523435013,0.0,150.0,0.25038000405444144,0.9681476403781077,0.9751493543055633,0.22154849761946724,15.0,0.0,-0.9659258262890684,0.2588190451025203,-0.3131070409358267,-0.9497178427914317,2,0.0,sustained_low_irradiance,6,139
2023-07-20 20:00:00+05:30,PVG_S1,solar,C1_Pavagada,0.0,0.0,25.90778159403505,0.0,150.0,0.25038000405444144,0.9681476403781077,0.9751493543055633,0.22154849761946724,15.0,0.0,-0.8660254037844386,0.5000000000000001,-0.3131070409358267,-0.9497178427914317,2,0.0,sustained_low_irradiance,6,140
2023-07-20 21:00:00+05:30,PVG_S1,solar,C1_Pavagada,0.0,0.0,27.47339343850166,0.0,150.0,0.25038000405444144,0.9681476403781077,0.9751493543055633,0.22154849761946724,15.0,0.0,-0.7071067811865477,0.7071067811865474,-0.3131070409358267,-0.9497178427914317,2,0.0,sustained_low_irradiance,6,141
2023-07-20 22:00:00+05:30,PVG_S1,solar,C1_Pavagada,0.0,0.0,26.62672485315714,0.0,150.0,0.25038000405444144,0.9681476403781077,0.9751493543055633,0.22154849761946724,15.0,0.0,-0.5000000000000004,0.8660254037844384,-0.3131070409358267,-0.9497178427914317,2,0.0,sustained_low_irradiance,6,142
2023-07-20 23:00:00+05:30,PVG_S1,solar,C1_Pavagada,0.0,0.0,26.5022158039625,0.0,150.0,0.25038000405444144,0.9681476403781077,0.9751493543055633,0.22154849761946724,15.0,0.0,-0.25881904510252157,0.9659258262890681,-0.3131070409358267,-0.9497178427914317,2,0.0,sustained_low_irradiance,6,143
2023-07-21 00:00:00+05:30,PVG_S1,solar,C1_Pavagada,0.0,0.0,28.119351293540838,0.0,150.0,0.25038000405444144,0.9681476403781077,0.9751493543055633,0.22154849761946724,15.0,0.0,0.0,1.0,-0.3294084822245302,-0.9441875088341994,2,0.0,sustained_low_irradiance,7,144
2023-07-21 01:00:00+05:30,PVG_S1,solar,C1_Pavagada,0.0,0.0,26.460381985454198,0.0,150.0,0.25038000405444144,0.9681476403781077,0.9751493543055633,0.22154849761946724,15.0,0.0,0.25881904510252074,0.9659258262890683,-0.3294084822245302,-0.9441875088341994,2,0.0,sustained_low_irradiance,7,145
2023-07-21 02:00:00+05:30,PVG_S1,solar,C1_Pavagada,0.0,0.0,25.53006124620617,0.0,150.0,0.25038000405444144,0.9681476403781077,0.9751493543055633,0.22154849761946724,15.0,0.0,0.49999999999999994,0.8660254037844387,-0.3294084822245302,-0.9441875088341994,2,0.0,sustained_low_irradiance,7,146
2023-07-21 03:00:00+05:30,PVG_S1,solar,C1_Pavagada,0.0,0.0,25.62132995414936,0.0,150.0,0.25038000405444144,0.9681476403781077,0.9751493543055633,0.22154849761946724,15.0,0.0,0.7071067811865476,0.7071067811865476,-0.3294084822245302,-0.9441875088341994,2,0.0,sustained_low_irradiance,7,147
2023-07-21 04:00:00+05:30,PVG_S1,solar,C1_Pavagada,0.0,0.0,27.721083192663926,0.0,150.0,0.25038000405444144,0.9681476403781077,0.9751493543055633,0.22154849761946724,15.0,0.0,0.8660254037844386,0.5000000000000001,-0.3294084822245302,-0.9441875088341994,2,0.0,sustained_low_irradiance,7,148
2023-07-21 05:00:00+05:30,PVG_S1,solar,C1_Pavagada,0.0,0.0,25.6421620682921,0.0,150.0,0.25038000405444144,0.9681476403781077,0.9751493543055633,0.22154849761946724,15.0,0.0,0.9659258262890683,0.25881904510252074,-0.3294084822245302,-0.9441875088341994,2,0.0,sustained_low_irradiance,7,149
2023-07-21 06:00:00+05:30,PVG_S1,solar,C1_Pavagada,0.1311,0.0,27.22809685340616,13.176,150.0,0.25038000405444144,0.9681476403781077,0.9751493543055633,0.22154849761946724,15.0,0.0,1.0,6.123233995736766e-17,-0.3294084822245302,-0.9441875088341994,2,1.185,sustained_low_irradiance,7,150
2023-07-21 07:00:00+05:30,PVG_S1,solar,C1_Pavagada,0.1887,0.0,27.31785812320994,63.689,150.0,0.25038000405444144,0.9681476403781077,0.9751493543055633,0.22154849761946724,15.0,0.0,0.9659258262890683,-0.25881904510252063,-0.3294084822245302,-0.9441875088341994,2,6.283,sustained_low_irradiance,7,151
2023-07-21 08:00:00+05:30,PVG_S1,solar,C1_Pavagada,0.1535,0.0,26.639128242786935,137.978,150.0,0.25038000405444144,0.9681476403781077,0.9751493543055633,0.22154849761946724,15.0,0.0,0.8660254037844387,-0.4999999999999998,-0.3294084822245302,-0.9441875088341994,2,8.601,sustained_low_irradiance,7,152
2023-07-21 09:00:00+05:30,PVG_S1,solar,C1_Pavagada,0.2332,0.0,26.610833698173703,135.95,150.0,0.25038000405444144,0.9681476403781077,0.9751493543055633,0.22154849761946724,15.0,0.0,0.7071067811865476,-0.7071067811865475,-0.3294084822245302,-0.9441875088341994,2,17.604,sustained_low_irradiance,7,153
2023-07-21 10:00:00+05:30,PVG_S1,solar,C1_Pavagada,0.1492,0.0,27.78401869753025,168.688,150.0,0.25038000405444144,0.9681476403781077,0.9751493543055633,0.22154849761946724,15.0,0.0,0.49999999999999994,-0.8660254037844387,-0.3294084822245302,-0.9441875088341994,2,13.439,sustained_low_irradiance,7,154
2023-07-21 11:00:00+05:30,PVG_S1,solar,C1_Pavagada,0.2019,0.0,27.716941142462108,142.031,150.0,0.25038000405444144,0.9681476403781077,0.9751493543055633,0.22154849761946724,15.0,0.0,0.258819045102521,-0.9659258262890682,-0.3294084822245302,-0.9441875088341994,2,20.08,sustained_low_irradiance,7,155
2023-07-21 12:00:00+05:30,PVG_S1,solar,C1_Pavagada,0.1609,0.0,27.19967298795926,193.135,150.0,0.25038000405444144,0.9681476403781077,0.9751493543055633,0.22154849761946724,15.0,0.0,1.2246467991473532e-16,-1.0,-0.3294084822245302,-0.9441875088341994,2,16.541,sustained_low_irradiance,7,156
2023-07-21 13:00:00+05:30,PVG_S1,solar,C1_Pavagada,0.1076,0.0,27.44129892123091,242.246,150.0,0.25038000405444144,0.9681476403781077,0.9751493543055633,0.22154849761946724,15.0,0.0,-0.2588190451025208,-0.9659258262890683,-0.3294084822245302,-0.9441875088341994,2,10.713,sustained_low_irradiance,7,157
2023-07-21 14:00:00+05:30,PVG_S1,solar,C1_Pavagada,0.1479,0.0,26.613778183966758,169.21,150.0,0.25038000405444144,0.9681476403781077,0.9751493543055633,0.22154849761946724,15.0,0.0,-0.4999999999999997,-0.8660254037844388,-0.3294084822245302,-0.9441875088341994,2,13.37,sustained_low_irradiance,7,158
2023-07-21 15:00:00+05:30,PVG_S1,solar,C1_Pavagada,0.1528,0.0,27.10882013966169,214.183,150.0,0.25038000405444144,0.9681476403781077,0.9751493543055633,0.22154849761946724,15.0,0.0,-0.7071067811865471,-0.7071067811865479,-0.3294084822245302,-0.9441875088341994,2,11.515,sustained_low_irradiance,7,159
2023-07-21 16:00:00+05:30,PVG_S1,solar,C1_Pavagada,0.1607,0.0,26.223731283964973,65.94,150.0,0.25038000405444144,0.9681476403781077,0.9751493543055633,0.22154849761946724,15.0,0.0,-0.8660254037844385,-0.5000000000000004,-0.3294084822245302,-0.9441875088341994,2,9.013,sustained_low_irradiance,7,160
2023-07-21 17:00:00+05:30,PVG_S1,solar,C1_Pavagada,0.1711,0.0,26.870550635935736,68.4,150.0,0.25038000405444144,0.9681476403781077,0.9751493543055633,0.22154849761946724,15.0,0.0,-0.9659258262890683,-0.25881904510252063,-0.3294084822245302,-0.9441875088341994,2,5.705,sustained_low_irradiance,7,161
2023-07-21 18:00:00+05:30,PVG_S1,solar,C1_Pavagada,0.1587,0.0,26.353455489164144,25.184,150.0,0.25038000405444144,0.9681476403781077,0.9751493543055633,0.22154849761946724,15.0,0.0,-1.0,-1.8369701987210297e-16,-0.3294084822245302,-0.9441875088341994,2,1.439,sustained_low_irradiance,7,162
2023-07-21 19:00:00+05:30,PVG_S1,solar,C1_Pavagada,0.0,0.0,27.9069801958955,0.0,150.0,0.25038000405444144,0.9681476403781077,0.9751493543055633,0.22154849761946724,15.0,0.0,-0.9659258262890684,0.2588190451025203,-0.3294084822245302,-0.9441875088341994,2,0.0,sustained_low_irradiance,7,163
2023-07-21 20:00:00+05:30,PVG_S1,solar,C1_Pavagada,0.0,0.0,27.169704105246495,0.0,150.0,0.25038000405444144,0.9681476403781077,0.9751493543055633,0.22154849761946724,15.0,0.0,-0.8660254037844386,0.5000000000000001,-0.3294084822245302,-0.9441875088341994,2,0.0,sustained_low_irradiance,7,164
2023-07-21 21:00:00+05:30,PVG_S1,solar,C1_Pavagada,0.0,0.0,28.24999021088448,0.0,150.0,0.25038000405444144,0.9681476403781077,0.9751493543055633,0.22154849761946724,15.0,0.0,-0.7071067811865477,0.7071067811865474,-0.3294084822245302,-0.9441875088341994,2,0.0,sustained_low_irradiance,7,165
2023-07-21 22:00:00+05:30,PVG_S1,solar,C1_Pavagada,0.0,0.0,27.64412665357015,0.0,150.0,0.25038000405444144,0.9681476403781077,0.9751493543055633,0.22154849761946724,15.0,0.0,-0.5000000000000004,0.8660254037844384,-0.3294084822245302,-0.9441875088341994,2,0.0,sustained_low_irradiance,7,166
2023-07-21 23:00:00+05:30,PVG_S1,solar,C1_Pavagada,0.0,0.0,26.37068151836571,0.0,150.0,0.25038000405444144,0.9681476403781077,0.9751493543055633,0.22154849761946724,15.0,0.0,-0.25881904510252157,0.9659258262890681,-0.3294084822245302,-0.9441875088341994,2,0.0,sustained_low_irradiance,7,167
